Date;26 - Average preset time deposits rate (CDB/RDB) - Financial institutions - % p.d.
08/06/2000;0.0655
09/06/2000;0.0665
12/06/2000;0.0664
13/06/2000;0.0662
14/06/2000;0.0670
15/06/2000;0.0660
16/06/2000;0.0664
19/06/2000;0.0662
20/06/2000;0.0659
21/06/2000;0.0633
23/06/2000;0.0631
26/06/2000;0.0636
27/06/2000;0.0629
28/06/2000;0.0626
29/06/2000;0.0618
30/06/2000;0.0621
03/07/2000;0.0626
04/07/2000;0.0624
05/07/2000;0.0621
06/07/2000;0.0619
07/07/2000;0.0617
10/07/2000;0.0616
11/07/2000;0.0617
12/07/2000;0.0617
13/07/2000;0.0619
14/07/2000;0.0618
17/07/2000;0.0616
18/07/2000;0.0613
19/07/2000;0.0616
20/07/2000;0.0600
21/07/2000;0.0597
24/07/2000;0.0600
25/07/2000;0.0602
26/07/2000;0.0600
27/07/2000;0.0597
28/07/2000;0.0605
31/07/2000;0.0593
01/08/2000;0.0598
02/08/2000;0.0595
03/08/2000;0.0600
04/08/2000;0.0595
07/08/2000;0.0596
08/08/2000;0.0596
09/08/2000;0.0593
10/08/2000;0.0594
11/08/2000;0.0594
14/08/2000;0.0596
15/08/2000;0.0588
16/08/2000;0.0592
17/08/2000;0.0603
18/08/2000;0.0604
21/08/2000;0.0600
22/08/2000;0.0600
23/08/2000;0.0608
24/08/2000;0.0607
25/08/2000;0.0591
28/08/2000;0.0597
29/08/2000;0.0595
30/08/2000;0.0596
31/08/2000;0.0601
01/09/2000;0.0599
04/09/2000;0.0599
05/09/2000;0.0591
06/09/2000;0.0600
08/09/2000;0.0599
11/09/2000;0.0599
12/09/2000;0.0605
13/09/2000;0.0593
14/09/2000;0.0597
15/09/2000;0.0605
18/09/2000;0.0608
19/09/2000;0.0584
20/09/2000;0.0604
21/09/2000;0.0597
22/09/2000;0.0614
25/09/2000;0.0598
26/09/2000;0.0586
27/09/2000;0.0596
28/09/2000;0.0584
29/09/2000;0.0603
02/10/2000;0.0603
03/10/2000;0.0600
04/10/2000;0.0605
05/10/2000;0.0595
06/10/2000;0.0592
09/10/2000;0.0598
10/10/2000;0.0586
11/10/2000;0.0599
13/10/2000;0.0603
16/10/2000;0.0608
17/10/2000;0.0599
18/10/2000;0.0606
19/10/2000;0.0609
20/10/2000;0.0615
23/10/2000;0.0618
24/10/2000;0.0620
25/10/2000;0.0617
26/10/2000;0.0619
27/10/2000;0.0621
30/10/2000;0.0595
31/10/2000;0.0581
01/11/2000;0.0615
03/11/2000;0.0606
06/11/2000;0.0617
07/11/2000;0.0588
08/11/2000;0.0602
09/11/2000;0.0607
10/11/2000;0.0574
13/11/2000;0.0612
14/11/2000;0.0608
16/11/2000;0.0600
17/11/2000;0.0604
20/11/2000;0.0603
21/11/2000;0.0605
22/11/2000;0.0591
23/11/2000;0.0603
24/11/2000;0.0593
27/11/2000;0.0605
28/11/2000;0.0569
29/11/2000;0.0574
30/11/2000;0.0599
01/12/2000;0.0593
04/12/2000;0.0605
05/12/2000;0.0568
06/12/2000;0.0600
07/12/2000;0.0598
08/12/2000;0.0584
11/12/2000;0.0598
12/12/2000;0.0597
13/12/2000;0.0592
14/12/2000;0.0594
15/12/2000;0.0595
18/12/2000;0.0589
19/12/2000;0.0593
20/12/2000;0.0593
21/12/2000;0.0582
22/12/2000;0.0580
26/12/2000;0.0583
27/12/2000;0.0590
28/12/2000;0.0584
29/12/2000;0.0560
02/01/2001;0.0593
03/01/2001;0.0581
04/01/2001;0.0585
05/01/2001;0.0576
08/01/2001;0.0578
09/01/2001;0.0572
10/01/2001;0.0568
11/01/2001;0.0572
12/01/2001;0.0566
15/01/2001;0.0562
16/01/2001;0.0572
17/01/2001;0.0552
18/01/2001;0.0561
19/01/2001;0.0560
22/01/2001;0.0546
23/01/2001;0.0553
24/01/2001;0.0554
25/01/2001;0.0552
26/01/2001;0.0548
29/01/2001;0.0549
30/01/2001;0.0553
31/01/2001;0.0552
01/02/2001;0.0550
02/02/2001;0.0552
05/02/2001;0.0551
06/02/2001;0.0554
07/02/2001;0.0552
08/02/2001;0.0550
09/02/2001;0.0550
12/02/2001;0.0548
13/02/2001;0.0568
14/02/2001;0.0568
15/02/2001;0.0557
16/02/2001;0.0553
19/02/2001;0.0576
20/02/2001;0.0555
21/02/2001;0.0570
22/02/2001;0.0559
23/02/2001;0.0561
28/02/2001;0.0555
01/03/2001;0.0555
02/03/2001;0.0555
05/03/2001;0.0559
06/03/2001;0.0550
07/03/2001;0.0559
08/03/2001;0.0553
09/03/2001;0.0534
12/03/2001;0.0556
13/03/2001;0.0554
14/03/2001;0.0551
15/03/2001;0.0552
16/03/2001;0.0571
19/03/2001;0.0574
20/03/2001;0.0562
21/03/2001;0.0560
22/03/2001;0.0579
23/03/2001;0.0569
26/03/2001;0.0574
27/03/2001;0.0578
28/03/2001;0.0572
29/03/2001;0.0573
30/03/2001;0.0542
02/04/2001;0.0574
03/04/2001;0.0580
04/04/2001;0.0580
05/04/2001;0.0581
06/04/2001;0.0558
09/04/2001;0.0577
10/04/2001;0.0603
11/04/2001;0.0577
12/04/2001;0.0564
16/04/2001;0.0574
17/04/2001;0.0579
18/04/2001;0.0583
19/04/2001;0.0593
20/04/2001;0.0586
23/04/2001;0.0599
24/04/2001;0.0591
25/04/2001;0.0591
26/04/2001;0.0635
27/04/2001;0.0611
30/04/2001;0.0617
02/05/2001;0.0608
03/05/2001;0.0596
04/05/2001;0.0597
07/05/2001;0.0594
08/05/2001;0.0590
09/05/2001;0.0601
10/05/2001;0.0616
11/05/2001;0.0629
14/05/2001;0.0598
15/05/2001;0.0627
16/05/2001;0.0602
17/05/2001;0.0592
18/05/2001;0.0594
21/05/2001;0.0594
22/05/2001;0.0591
23/05/2001;0.0616
24/05/2001;0.0633
25/05/2001;0.0613
28/05/2001;0.0630
29/05/2001;0.0622
30/05/2001;0.0612
31/05/2001;0.0610
01/06/2001;0.0613
04/06/2001;0.0614
05/06/2001;0.0625
06/06/2001;0.0615
07/06/2001;0.0615
08/06/2001;0.0613
11/06/2001;0.0603
12/06/2001;0.0620
13/06/2001;0.0610
15/06/2001;0.0638
18/06/2001;0.0622
19/06/2001;0.0618
20/06/2001;0.0626
21/06/2001;0.0669
22/06/2001;0.0666
25/06/2001;0.0675
26/06/2001;0.0672
27/06/2001;0.0680
28/06/2001;0.0661
29/06/2001;0.0689
02/07/2001;0.0664
03/07/2001;0.0660
04/07/2001;0.0668
05/07/2001;0.0666
06/07/2001;0.0695
09/07/2001;0.0673
10/07/2001;0.0718
11/07/2001;0.0695
12/07/2001;0.0689
13/07/2001;0.0728
16/07/2001;0.0681
17/07/2001;0.0673
18/07/2001;0.0751
19/07/2001;0.0706
20/07/2001;0.0718
23/07/2001;0.0714
24/07/2001;0.0688
25/07/2001;0.0686
26/07/2001;0.0695
27/07/2001;0.0740
30/07/2001;0.0690
31/07/2001;0.0728
01/08/2001;0.0702
02/08/2001;0.0688
03/08/2001;0.0690
06/08/2001;0.0755
07/08/2001;0.0727
08/08/2001;0.0682
09/08/2001;0.0692
10/08/2001;0.0735
13/08/2001;0.0733
14/08/2001;0.0763
15/08/2001;0.0712
16/08/2001;0.0723
17/08/2001;0.0691
20/08/2001;0.0706
21/08/2001;0.0695
22/08/2001;0.0696
23/08/2001;0.0686
24/08/2001;0.0696
27/08/2001;0.0691
28/08/2001;0.0687
29/08/2001;0.0692
30/08/2001;0.0716
31/08/2001;0.0714
03/09/2001;0.0707
04/09/2001;0.0688
05/09/2001;0.0685
06/09/2001;0.0682
10/09/2001;0.0695
11/09/2001;0.0709
12/09/2001;0.0695
13/09/2001;0.0689
14/09/2001;0.0706
17/09/2001;0.0727
18/09/2001;0.0689
19/09/2001;0.0695
20/09/2001;0.0714
21/09/2001;0.0709
24/09/2001;0.0776
25/09/2001;0.0743
26/09/2001;0.0709
27/09/2001;0.0704
28/09/2001;0.0710
01/10/2001;0.0689
02/10/2001;0.0691
03/10/2001;0.0726
04/10/2001;0.0688
05/10/2001;0.0696
08/10/2001;0.0708
09/10/2001;0.0701
10/10/2001;0.0692
11/10/2001;0.0689
15/10/2001;0.0696
16/10/2001;0.0698
17/10/2001;0.0730
18/10/2001;0.0716
19/10/2001;0.0689
22/10/2001;0.0719
23/10/2001;0.0684
24/10/2001;0.0695
25/10/2001;0.0695
26/10/2001;0.0742
29/10/2001;0.0699
30/10/2001;0.0730
31/10/2001;0.0735
01/11/2001;0.0690
05/11/2001;0.0698
06/11/2001;0.0686
07/11/2001;0.0684
08/11/2001;0.0683
09/11/2001;0.0692
12/11/2001;0.0685
13/11/2001;0.0681
14/11/2001;0.0685
16/11/2001;0.0686
19/11/2001;0.0683
20/11/2001;0.0686
21/11/2001;0.0689
22/11/2001;0.0693
23/11/2001;0.0677
26/11/2001;0.0696
27/11/2001;0.0684
28/11/2001;0.0689
29/11/2001;0.0696
30/11/2001;0.0690
03/12/2001;0.0689
04/12/2001;0.0690
05/12/2001;0.0700
06/12/2001;0.0684
07/12/2001;0.0669
10/12/2001;0.0694
11/12/2001;0.0688
12/12/2001;0.0684
13/12/2001;0.0688
14/12/2001;0.0663
17/12/2001;0.0692
18/12/2001;0.0690
19/12/2001;0.0700
20/12/2001;0.0684
21/12/2001;0.0685
24/12/2001;0.0694
26/12/2001;0.0688
27/12/2001;0.0688
28/12/2001;0.0692
31/12/2001;0.0706
02/01/2002;0.0693
03/01/2002;0.0690
04/01/2002;0.0668
07/01/2002;0.0686
08/01/2002;0.0683
09/01/2002;0.0683
10/01/2002;0.0684
11/01/2002;0.0674
14/01/2002;0.0682
15/01/2002;0.0689
16/01/2002;0.0693
17/01/2002;0.0689
18/01/2002;0.0683
21/01/2002;0.0698
22/01/2002;0.0687
23/01/2002;0.0682
24/01/2002;0.0683
25/01/2002;0.0679
28/01/2002;0.0688
29/01/2002;0.0696
30/01/2002;0.0689
31/01/2002;0.0700
01/02/2002;0.0667
04/02/2002;0.0690
05/02/2002;0.0691
06/02/2002;0.0689
07/02/2002;0.0692
08/02/2002;0.0636
13/02/2002;0.0687
14/02/2002;0.0688
15/02/2002;0.0649
18/02/2002;0.0688
19/02/2002;0.0698
20/02/2002;0.0688
21/02/2002;0.0682
22/02/2002;0.0639
25/02/2002;0.0681
26/02/2002;0.0680
27/02/2002;0.0676
28/02/2002;0.0674
01/03/2002;0.0654
04/03/2002;0.0680
05/03/2002;0.0682
06/03/2002;0.0680
07/03/2002;0.0677
08/03/2002;0.0646
11/03/2002;0.0673
12/03/2002;0.0680
13/03/2002;0.0675
14/03/2002;0.0677
15/03/2002;0.0645
18/03/2002;0.0681
19/03/2002;0.0673
20/03/2002;0.0664
21/03/2002;0.0669
22/03/2002;0.0634
25/03/2002;0.0679
26/03/2002;0.0673
27/03/2002;0.0674
28/03/2002;0.0666
01/04/2002;0.0671
02/04/2002;0.0671
03/04/2002;0.0671
04/04/2002;0.0670
05/04/2002;0.0636
08/04/2002;0.0667
09/04/2002;0.0668
10/04/2002;0.0667
11/04/2002;0.0667
12/04/2002;0.0628
15/04/2002;0.0668
16/04/2002;0.0671
17/04/2002;0.0663
18/04/2002;0.0667
19/04/2002;0.0676
22/04/2002;0.0669
23/04/2002;0.0670
24/04/2002;0.0671
25/04/2002;0.0668
26/04/2002;0.0636
29/04/2002;0.0676
30/04/2002;0.0663
02/05/2002;0.0663
03/05/2002;0.0661
06/05/2002;0.0669
07/05/2002;0.0662
08/05/2002;0.0654
09/05/2002;0.0663
10/05/2002;0.0653
13/05/2002;0.0669
14/05/2002;0.0670
15/05/2002;0.0669
16/05/2002;0.0655
17/05/2002;0.0674
20/05/2002;0.0672
21/05/2002;0.0662
22/05/2002;0.0653
23/05/2002;0.0669
24/05/2002;0.0659
27/05/2002;0.0675
28/05/2002;0.0650
29/05/2002;0.0642
31/05/2002;0.0648
03/06/2002;0.0640
04/06/2002;0.0651
05/06/2002;0.0620
06/06/2002;0.0635
07/06/2002;0.0656
10/06/2002;0.0636
11/06/2002;0.0647
12/06/2002;0.0648
13/06/2002;0.0658
14/06/2002;0.0713
17/06/2002;0.0682
18/06/2002;0.0847
19/06/2002;0.0686
20/06/2002;0.0740
21/06/2002;0.0682
24/06/2002;0.0729
25/06/2002;0.0756
26/06/2002;0.0799
27/06/2002;0.0795
28/06/2002;0.0743
01/07/2002;0.0710
02/07/2002;0.0670
03/07/2002;0.0711
04/07/2002;0.0682
05/07/2002;0.0709
08/07/2002;0.0692
09/07/2002;0.0682
10/07/2002;0.0681
11/07/2002;0.0691
12/07/2002;0.0689
15/07/2002;0.0686
16/07/2002;0.0705
17/07/2002;0.0721
18/07/2002;0.0680
19/07/2002;0.0686
22/07/2002;0.0657
23/07/2002;0.0692
24/07/2002;0.0707
25/07/2002;0.0728
26/07/2002;0.0682
29/07/2002;0.0721
30/07/2002;0.0723
31/07/2002;0.0722
01/08/2002;0.0695
02/08/2002;0.0726
05/08/2002;0.0727
06/08/2002;0.0701
07/08/2002;0.0695
08/08/2002;0.0681
09/08/2002;0.0655
12/08/2002;0.0667
13/08/2002;0.0695
14/08/2002;0.0670
15/08/2002;0.0676
16/08/2002;0.0694
19/08/2002;0.0703
20/08/2002;0.0661
21/08/2002;0.0656
22/08/2002;0.0643
23/08/2002;0.0677
26/08/2002;0.0682
27/08/2002;0.0712
28/08/2002;0.0694
29/08/2002;0.0525
30/08/2002;0.0663
02/09/2002;0.0683
03/09/2002;0.0728
04/09/2002;0.0711
05/09/2002;0.0729
06/09/2002;0.0662
09/09/2002;0.0675
10/09/2002;0.0694
11/09/2002;0.0697
12/09/2002;0.0670
13/09/2002;0.0675
16/09/2002;0.0669
17/09/2002;0.0742
18/09/2002;0.0697
19/09/2002;0.0790
20/09/2002;0.0680
23/09/2002;0.0741
24/09/2002;0.0676
25/09/2002;0.0728
26/09/2002;0.0751
27/09/2002;0.0793
30/09/2002;0.0728
01/10/2002;0.0739
02/10/2002;0.0694
03/10/2002;0.0708
04/10/2002;0.0735
07/10/2002;0.0716
08/10/2002;0.0705
09/10/2002;0.0682
10/10/2002;0.0784
11/10/2002;0.0667
14/10/2002;0.0746
15/10/2002;0.0795
16/10/2002;0.0792
17/10/2002;0.0819
18/10/2002;0.0828
21/10/2002;0.0781
22/10/2002;0.0865
23/10/2002;0.0841
24/10/2002;0.0798
25/10/2002;0.0802
28/10/2002;0.0806
29/10/2002;0.0780
30/10/2002;0.0798
31/10/2002;0.0774
01/11/2002;0.0762
04/11/2002;0.0785
05/11/2002;0.0786
06/11/2002;0.0774
07/11/2002;0.0805
08/11/2002;0.0768
11/11/2002;0.0768
12/11/2002;0.0770
13/11/2002;0.0793
14/11/2002;0.0780
18/11/2002;0.0784
19/11/2002;0.0791
20/11/2002;0.0817
21/11/2002;0.0798
22/11/2002;0.0808
25/11/2002;0.0795
26/11/2002;0.0791
27/11/2002;0.0805
28/11/2002;0.0835
29/11/2002;0.0827
02/12/2002;0.0861
03/12/2002;0.0854
04/12/2002;0.0837
05/12/2002;0.0821
06/12/2002;0.0819
09/12/2002;0.0844
10/12/2002;0.0816
11/12/2002;0.0829
12/12/2002;0.0834
13/12/2002;0.0830
16/12/2002;0.0865
17/12/2002;0.0873
18/12/2002;0.0891
19/12/2002;0.0872
20/12/2002;0.0884
23/12/2002;0.0891
24/12/2002;0.0882
26/12/2002;0.0877
27/12/2002;0.0921
30/12/2002;0.0892
31/12/2002;0.0000
02/01/2003;0.0890
03/01/2003;0.0920
06/01/2003;0.0892
07/01/2003;0.0903
08/01/2003;0.0859
09/01/2003;0.0874
10/01/2003;0.0861
13/01/2003;0.0876
14/01/2003;0.0856
15/01/2003;0.0928
16/01/2003;0.0865
17/01/2003;0.0900
20/01/2003;0.0868
21/01/2003;0.0904
22/01/2003;0.0881
23/01/2003;0.0898
24/01/2003;0.0901
27/01/2003;0.0926
28/01/2003;0.0930
29/01/2003;0.0889
30/01/2003;0.0913
31/01/2003;0.0928
03/02/2003;0.0921
04/02/2003;0.0959
05/02/2003;0.0900
06/02/2003;0.0932
07/02/2003;0.0920
10/02/2003;0.0912
11/02/2003;0.0929
12/02/2003;0.0915
13/02/2003;0.0910
14/02/2003;0.0910
17/02/2003;0.0913
18/02/2003;0.0740
19/02/2003;0.0917
20/02/2003;0.0927
21/02/2003;0.0920
24/02/2003;0.0973
25/02/2003;0.0948
26/02/2003;0.0936
27/02/2003;0.0957
28/02/2003;0.0926
05/03/2003;0.0975
06/03/2003;0.0932
07/03/2003;0.0942
10/03/2003;0.0946
11/03/2003;0.0950
12/03/2003;0.0924
13/03/2003;0.0893
14/03/2003;0.0934
17/03/2003;0.0923
18/03/2003;0.0953
19/03/2003;0.0924
20/03/2003;0.0921
21/03/2003;0.0928
24/03/2003;0.0909
25/03/2003;0.0909
26/03/2003;0.0927
27/03/2003;0.0948
28/03/2003;0.0921
31/03/2003;0.0927
01/04/2003;0.0959
02/04/2003;0.0906
03/04/2003;0.0926
04/04/2003;0.0925
07/04/2003;0.0939
08/04/2003;0.0918
09/04/2003;0.0924
10/04/2003;0.0921
11/04/2003;0.0937
14/04/2003;0.0920
15/04/2003;0.0944
16/04/2003;0.0937
17/04/2003;0.0925
22/04/2003;0.0912
23/04/2003;0.0906
24/04/2003;0.0949
25/04/2003;0.0935
28/04/2003;0.0921
29/04/2003;0.0925
30/04/2003;0.0921
02/05/2003;0.0942
05/05/2003;0.0954
06/05/2003;0.0931
07/05/2003;0.0900
08/05/2003;0.0875
09/05/2003;0.0913
12/05/2003;0.0911
13/05/2003;0.0913
14/05/2003;0.0895
15/05/2003;0.0940
16/05/2003;0.0921
19/05/2003;0.0909
20/05/2003;0.0905
21/05/2003;0.0938
22/05/2003;0.0921
23/05/2003;0.0913
26/05/2003;0.0908
27/05/2003;0.0910
28/05/2003;0.0885
29/05/2003;0.0900
30/05/2003;0.0911
02/06/2003;0.0906
03/06/2003;0.0936
04/06/2003;0.0931
05/06/2003;0.0906
06/06/2003;0.0887
09/06/2003;0.0905
10/06/2003;0.0888
11/06/2003;0.0920
12/06/2003;0.0892
13/06/2003;0.0791
16/06/2003;0.0918
17/06/2003;0.0844
18/06/2003;0.0900
20/06/2003;0.0873
23/06/2003;0.0902
24/06/2003;0.0884
25/06/2003;0.0889
26/06/2003;0.0913
27/06/2003;0.0904
30/06/2003;0.0890
01/07/2003;0.0867
02/07/2003;0.0870
03/07/2003;0.0863
04/07/2003;0.0885
07/07/2003;0.0854
08/07/2003;0.0865
09/07/2003;0.0857
10/07/2003;0.0854
11/07/2003;0.0867
14/07/2003;0.0870
15/07/2003;0.0854
16/07/2003;0.0842
17/07/2003;0.0853
18/07/2003;0.0854
21/07/2003;0.0848
22/07/2003;0.0829
23/07/2003;0.0835
24/07/2003;0.0807
25/07/2003;0.0846
28/07/2003;0.0836
29/07/2003;0.0861
30/07/2003;0.0836
31/07/2003;0.0846
01/08/2003;0.0847
04/08/2003;0.0853
05/08/2003;0.0855
06/08/2003;0.0831
07/08/2003;0.0864
08/08/2003;0.0841
11/08/2003;0.0835
12/08/2003;0.0824
13/08/2003;0.0822
14/08/2003;0.0800
15/08/2003;0.0790
18/08/2003;0.0803
19/08/2003;0.0799
20/08/2003;0.0761
21/08/2003;0.0778
22/08/2003;0.0767
25/08/2003;0.0761
26/08/2003;0.0751
27/08/2003;0.0769
28/08/2003;0.0748
29/08/2003;0.0751
01/09/2003;0.0753
02/09/2003;0.0753
03/09/2003;0.0763
04/09/2003;0.0744
05/09/2003;0.0735
08/09/2003;0.0749
09/09/2003;0.0707
10/09/2003;0.0734
11/09/2003;0.0727
12/09/2003;0.0716
15/09/2003;0.0717
16/09/2003;0.0701
17/09/2003;0.0713
18/09/2003;0.0690
19/09/2003;0.0698
22/09/2003;0.0706
23/09/2003;0.0718
24/09/2003;0.0718
25/09/2003;0.0722
26/09/2003;0.0702
29/09/2003;0.0706
30/09/2003;0.0684
01/10/2003;0.0704
02/10/2003;0.0680
03/10/2003;0.0696
06/10/2003;0.0704
07/10/2003;0.0695
08/10/2003;0.0702
09/10/2003;0.0684
10/10/2003;0.0690
13/10/2003;0.0675
14/10/2003;0.0689
15/10/2003;0.0678
16/10/2003;0.0664
17/10/2003;0.0672
20/10/2003;0.0665
21/10/2003;0.0670
22/10/2003;0.0671
23/10/2003;0.0672
24/10/2003;0.0671
27/10/2003;0.0673
28/10/2003;0.0683
29/10/2003;0.0672
30/10/2003;0.0682
31/10/2003;0.0676
03/11/2003;0.0688
04/11/2003;0.0677
05/11/2003;0.0680
06/11/2003;0.0659
07/11/2003;0.0677
10/11/2003;0.0670
11/11/2003;0.0655
12/11/2003;0.0660
13/11/2003;0.0657
14/11/2003;0.0665
17/11/2003;0.0646
18/11/2003;0.0657
19/11/2003;0.0655
20/11/2003;0.0652
21/11/2003;0.0624
24/11/2003;0.0623
25/11/2003;0.0616
26/11/2003;0.0632
27/11/2003;0.0613
28/11/2003;0.0613
01/12/2003;0.0611
02/12/2003;0.0622
03/12/2003;0.0627
04/12/2003;0.0616
05/12/2003;0.0629
08/12/2003;0.0615
09/12/2003;0.0585
10/12/2003;0.0594
11/12/2003;0.0590
12/12/2003;0.0602
15/12/2003;0.0585
16/12/2003;0.0604
17/12/2003;0.0588
18/12/2003;0.0601
19/12/2003;0.0600
22/12/2003;0.0597
23/12/2003;0.0601
24/12/2003;0.0588
26/12/2003;0.0581
29/12/2003;0.0596
30/12/2003;0.0580
31/12/2003;0.0592
02/01/2004;0.0585
05/01/2004;0.0603
06/01/2004;0.0597
07/01/2004;0.0591
08/01/2004;0.0585
09/01/2004;0.0586
12/01/2004;0.0553
13/01/2004;0.0579
14/01/2004;0.0582
15/01/2004;0.0565
16/01/2004;0.0575
19/01/2004;0.0575
20/01/2004;0.0547
21/01/2004;0.0584
22/01/2004;0.0599
23/01/2004;0.0600
26/01/2004;0.0591
27/01/2004;0.0600
28/01/2004;0.0588
29/01/2004;0.0593
30/01/2004;0.0597
02/02/2004;0.0592
03/02/2004;0.0601
04/02/2004;0.0597
05/02/2004;0.0601
06/02/2004;0.0590
09/02/2004;0.0566
10/02/2004;0.0595
11/02/2004;0.0586
12/02/2004;0.0578
13/02/2004;0.0588
16/02/2004;0.0572
17/02/2004;0.0564
18/02/2004;0.0589
19/02/2004;0.0596
20/02/2004;0.0597
25/02/2004;0.0590
26/02/2004;0.0587
27/02/2004;0.0593
01/03/2004;0.0595
02/03/2004;0.0599
03/03/2004;0.0590
04/03/2004;0.0591
05/03/2004;0.0594
08/03/2004;0.0593
09/03/2004;0.0570
10/03/2004;0.0590
11/03/2004;0.0589
12/03/2004;0.0590
15/03/2004;0.0579
16/03/2004;0.0593
17/03/2004;0.0580
18/03/2004;0.0588
19/03/2004;0.0586
22/03/2004;0.0582
23/03/2004;0.0592
24/03/2004;0.0574
25/03/2004;0.0589
26/03/2004;0.0582
29/03/2004;0.0575
30/03/2004;0.0590
31/03/2004;0.0579
01/04/2004;0.0590
02/04/2004;0.0566
05/04/2004;0.0577
06/04/2004;0.0579
07/04/2004;0.0577
08/04/2004;0.0554
12/04/2004;0.0582
13/04/2004;0.0578
14/04/2004;0.0517
15/04/2004;0.0593
16/04/2004;0.0595
19/04/2004;0.0577
20/04/2004;0.0601
22/04/2004;0.0584
23/04/2004;0.0573
26/04/2004;0.0579
27/04/2004;0.0570
28/04/2004;0.0572
29/04/2004;0.0583
30/04/2004;0.0577
03/05/2004;0.0579
04/05/2004;0.0574
05/05/2004;0.0574
06/05/2004;0.0575
07/05/2004;0.0570
10/05/2004;0.0586
11/05/2004;0.0607
12/05/2004;0.0590
13/05/2004;0.0614
14/05/2004;0.0576
17/05/2004;0.0549
18/05/2004;0.0553
19/05/2004;0.0585
20/05/2004;0.0597
21/05/2004;0.0590
24/05/2004;0.0600
25/05/2004;0.0588
26/05/2004;0.0575
27/05/2004;0.0594
28/05/2004;0.0586
31/05/2004;0.0593
01/06/2004;0.0599
02/06/2004;0.0580
03/06/2004;0.0593
04/06/2004;0.0600
07/06/2004;0.0585
08/06/2004;0.0614
09/06/2004;0.0575
11/06/2004;0.0578
14/06/2004;0.0597
15/06/2004;0.0595
16/06/2004;0.0589
17/06/2004;0.0577
18/06/2004;0.0584
21/06/2004;0.0599
22/06/2004;0.0602
23/06/2004;0.0564
24/06/2004;0.0603
25/06/2004;0.0587
28/06/2004;0.0598
29/06/2004;0.0598
30/06/2004;0.0605
01/07/2004;0.0590
02/07/2004;0.0584
05/07/2004;0.0590
06/07/2004;0.0590
07/07/2004;0.0593
08/07/2004;0.0557
09/07/2004;0.0577
12/07/2004;0.0596
13/07/2004;0.0599
14/07/2004;0.0579
15/07/2004;0.0581
16/07/2004;0.0606
19/07/2004;0.0583
20/07/2004;0.0592
21/07/2004;0.0562
22/07/2004;0.0562
23/07/2004;0.0584
26/07/2004;0.0594
27/07/2004;0.0596
28/07/2004;0.0597
29/07/2004;0.0548
30/07/2004;0.0575
02/08/2004;0.0577
03/08/2004;0.0599
04/08/2004;0.0570
05/08/2004;0.0592
06/08/2004;0.0593
09/08/2004;0.0596
10/08/2004;0.0601
11/08/2004;0.0584
12/08/2004;0.0608
13/08/2004;0.0590
16/08/2004;0.0584
17/08/2004;0.0602
18/08/2004;0.0585
19/08/2004;0.0595
20/08/2004;0.0598
23/08/2004;0.0586
24/08/2004;0.0600
25/08/2004;0.0589
26/08/2004;0.0589
27/08/2004;0.0598
30/08/2004;0.0587
31/08/2004;0.0618
01/09/2004;0.0597
02/09/2004;0.0625
03/09/2004;0.0588
06/09/2004;0.0586
08/09/2004;0.0603
09/09/2004;0.0601
10/09/2004;0.0606
13/09/2004;0.0610
14/09/2004;0.0604
15/09/2004;0.0610
16/09/2004;0.0608
17/09/2004;0.0595
20/09/2004;0.0594
21/09/2004;0.0626
22/09/2004;0.0611
23/09/2004;0.0605
24/09/2004;0.0607
27/09/2004;0.0602
28/09/2004;0.0619
29/09/2004;0.0602
30/09/2004;0.0615
01/10/2004;0.0600
04/10/2004;0.0599
05/10/2004;0.0626
06/10/2004;0.0600
07/10/2004;0.0594
08/10/2004;0.0613
11/10/2004;0.0597
13/10/2004;0.0624
14/10/2004;0.0614
15/10/2004;0.0629
18/10/2004;0.0604
19/10/2004;0.0608
20/10/2004;0.0611
21/10/2004;0.0619
22/10/2004;0.0631
25/10/2004;0.0626
26/10/2004;0.0617
27/10/2004;0.0630
28/10/2004;0.0614
29/10/2004;0.0627
01/11/2004;0.0617
03/11/2004;0.0605
04/11/2004;0.0630
05/11/2004;0.0629
08/11/2004;0.0622
09/11/2004;0.0639
10/11/2004;0.0628
11/11/2004;0.0628
12/11/2004;0.0638
16/11/2004;0.0623
17/11/2004;0.0622
18/11/2004;0.0638
19/11/2004;0.0640
22/11/2004;0.0631
23/11/2004;0.0678
24/11/2004;0.0577
25/11/2004;0.0651
26/11/2004;0.0630
29/11/2004;0.0629
30/11/2004;0.0618
01/12/2004;0.0638
02/12/2004;0.0651
03/12/2004;0.0651
06/12/2004;0.0640
07/12/2004;0.0618
08/12/2004;0.0636
09/12/2004;0.0639
10/12/2004;0.0656
13/12/2004;0.0636
14/12/2004;0.0601
15/12/2004;0.0475
16/12/2004;0.0630
17/12/2004;0.0642
20/12/2004;0.0647
21/12/2004;0.0647
22/12/2004;0.0650
23/12/2004;0.0672
24/12/2004;0.0648
27/12/2004;0.0607
28/12/2004;0.0654
29/12/2004;0.0635
30/12/2004;0.0649
31/12/2004;0.0649
03/01/2005;0.0649
04/01/2005;0.0650
05/01/2005;0.0592
06/01/2005;0.0684
07/01/2005;0.0663
10/01/2005;0.0660
11/01/2005;0.0641
12/01/2005;0.0656
13/01/2005;0.0660
14/01/2005;0.0671
17/01/2005;0.0653
18/01/2005;0.0628
19/01/2005;0.0650
20/01/2005;0.0648
21/01/2005;0.0667
24/01/2005;0.0667
25/01/2005;0.0664
26/01/2005;0.0645
27/01/2005;0.0656
28/01/2005;0.0675
31/01/2005;0.0605
01/02/2005;0.0680
02/02/2005;0.0676
03/02/2005;0.0632
04/02/2005;0.0655
09/02/2005;0.0666
10/02/2005;0.0663
11/02/2005;0.0680
14/02/2005;0.0677
15/02/2005;0.0670
16/02/2005;0.0663
17/02/2005;0.0683
18/02/2005;0.0582
21/02/2005;0.0681
22/02/2005;0.0574
23/02/2005;0.0675
24/02/2005;0.0726
25/02/2005;0.0663
28/02/2005;0.0681
01/03/2005;0.0677
02/03/2005;0.0663
03/03/2005;0.0702
04/03/2005;0.0684
07/03/2005;0.0684
08/03/2005;0.0658
09/03/2005;0.0683
10/03/2005;0.0633
11/03/2005;0.0669
14/03/2005;0.0682
15/03/2005;0.0690
16/03/2005;0.0680
17/03/2005;0.0702
18/03/2005;0.0705
21/03/2005;0.0695
22/03/2005;0.0705
23/03/2005;0.0683
24/03/2005;0.0685
28/03/2005;0.0708
29/03/2005;0.0699
30/03/2005;0.0689
31/03/2005;0.0705
01/04/2005;0.0728
04/04/2005;0.0696
05/04/2005;0.0698
06/04/2005;0.0695
07/04/2005;0.0719
08/04/2005;0.0698
11/04/2005;0.0690
12/04/2005;0.0696
13/04/2005;0.0700
14/04/2005;0.0684
15/04/2005;0.0685
18/04/2005;0.0698
19/04/2005;0.0695
20/04/2005;0.0698
22/04/2005;0.0703
25/04/2005;0.0707
26/04/2005;0.0707
27/04/2005;0.0673
28/04/2005;0.0749
29/04/2005;0.0711
02/05/2005;0.0700
03/05/2005;0.0705
04/05/2005;0.0693
05/05/2005;0.0726
06/05/2005;0.0731
09/05/2005;0.0737
10/05/2005;0.0703
11/05/2005;0.0704
12/05/2005;0.0703
13/05/2005;0.0718
16/05/2005;0.0707
17/05/2005;0.0691
18/05/2005;0.0675
19/05/2005;0.0705
20/05/2005;0.0714
23/05/2005;0.0713
24/05/2005;0.0697
25/05/2005;0.0712
27/05/2005;0.0688
30/05/2005;0.0719
31/05/2005;0.0662
01/06/2005;0.0743
02/06/2005;0.0725
03/06/2005;0.0715
06/06/2005;0.0711
07/06/2005;0.0692
08/06/2005;0.0691
09/06/2005;0.0729
10/06/2005;0.0720
13/06/2005;0.0738
14/06/2005;0.0707
15/06/2005;0.0715
16/06/2005;0.0729
17/06/2005;0.0719
20/06/2005;0.0652
21/06/2005;0.0681
22/06/2005;0.0709
23/06/2005;0.0686
24/06/2005;0.0711
27/06/2005;0.0710
28/06/2005;0.0712
29/06/2005;0.0696
30/06/2005;0.0734
01/07/2005;0.0713
04/07/2005;0.0737
05/07/2005;0.0649
06/07/2005;0.0696
07/07/2005;0.0707
08/07/2005;0.0713
11/07/2005;0.0718
12/07/2005;0.0709
13/07/2005;0.0723
14/07/2005;0.0722
15/07/2005;0.0735
18/07/2005;0.0715
19/07/2005;0.0697
20/07/2005;0.0708
21/07/2005;0.0700
22/07/2005;0.0711
25/07/2005;0.0692
26/07/2005;0.0676
27/07/2005;0.0707
28/07/2005;0.0709
29/07/2005;0.0708
01/08/2005;0.0705
02/08/2005;0.0611
03/08/2005;0.0708
04/08/2005;0.0702
05/08/2005;0.0701
08/08/2005;0.0730
09/08/2005;0.0674
10/08/2005;0.0720
11/08/2005;0.0719
12/08/2005;0.0728
15/08/2005;0.0726
16/08/2005;0.0705
17/08/2005;0.0692
18/08/2005;0.0708
19/08/2005;0.0726
22/08/2005;0.0709
23/08/2005;0.0684
24/08/2005;0.0719
25/08/2005;0.0715
26/08/2005;0.0716
29/08/2005;0.0698
30/08/2005;0.0664
31/08/2005;0.0707
01/09/2005;0.0687
02/09/2005;0.0714
05/09/2005;0.0715
06/09/2005;0.0690
08/09/2005;0.0681
09/09/2005;0.0696
12/09/2005;0.0704
13/09/2005;0.0685
14/09/2005;0.0689
15/09/2005;0.0708
16/09/2005;0.0716
19/09/2005;0.0691
20/09/2005;0.0688
21/09/2005;0.0702
22/09/2005;0.0708
23/09/2005;0.0711
26/09/2005;0.0695
27/09/2005;0.0672
28/09/2005;0.0699
29/09/2005;0.0713
30/09/2005;0.0707
03/10/2005;0.0705
04/10/2005;0.0680
05/10/2005;0.0711
06/10/2005;0.0670
07/10/2005;0.0694
10/10/2005;0.0649
11/10/2005;0.0656
13/10/2005;0.0681
14/10/2005;0.0702
17/10/2005;0.0677
18/10/2005;0.0692
19/10/2005;0.0676
20/10/2005;0.0637
21/10/2005;0.0648
24/10/2005;0.0683
25/10/2005;0.0661
26/10/2005;0.0659
27/10/2005;0.0609
28/10/2005;0.0688
31/10/2005;0.0682
01/11/2005;0.0691
03/11/2005;0.0692
04/11/2005;0.0666
07/11/2005;0.0677
08/11/2005;0.0674
09/11/2005;0.0667
10/11/2005;0.0631
11/11/2005;0.0638
14/11/2005;0.0666
16/11/2005;0.0671
17/11/2005;0.0671
18/11/2005;0.0671
21/11/2005;0.0671
22/11/2005;0.0670
23/11/2005;0.0647
24/11/2005;0.0600
25/11/2005;0.0639
28/11/2005;0.0662
29/11/2005;0.0663
30/11/2005;0.0644
01/12/2005;0.0637
02/12/2005;0.0675
05/12/2005;0.0666
06/12/2005;0.0646
07/12/2005;0.0654
08/12/2005;0.0666
09/12/2005;0.0661
12/12/2005;0.0652
13/12/2005;0.0635
14/12/2005;0.0646
15/12/2005;0.0650
16/12/2005;0.0657
19/12/2005;0.0643
20/12/2005;0.0652
21/12/2005;0.0641
22/12/2005;0.0629
23/12/2005;0.0644
26/12/2005;0.0640
27/12/2005;0.0617
28/12/2005;0.0634
29/12/2005;0.0637
30/12/2005;0.0637
02/01/2006;0.0644
03/01/2006;0.0618
04/01/2006;0.0642
05/01/2006;0.0622
06/01/2006;0.0630
09/01/2006;0.0636
10/01/2006;0.0629
11/01/2006;0.0643
12/01/2006;0.0622
13/01/2006;0.0637
16/01/2006;0.0634
17/01/2006;0.0632
18/01/2006;0.0614
19/01/2006;0.0619
20/01/2006;0.0617
23/01/2006;0.0611
24/01/2006;0.0626
25/01/2006;0.0618
26/01/2006;0.0620
27/01/2006;0.0620
30/01/2006;0.0594
31/01/2006;0.0623
01/02/2006;0.0617
02/02/2006;0.0608
03/02/2006;0.0631
06/02/2006;0.0621
07/02/2006;0.0616
08/02/2006;0.0622
09/02/2006;0.0617
10/02/2006;0.0621
13/02/2006;0.0617
14/02/2006;0.0616
15/02/2006;0.0608
16/02/2006;0.0626
17/02/2006;0.0603
20/02/2006;0.0607
21/02/2006;0.0603
22/02/2006;0.0611
23/02/2006;0.0599
24/02/2006;0.0616
01/03/2006;0.0605
02/03/2006;0.0596
03/03/2006;0.0593
06/03/2006;0.0604
07/03/2006;0.0597
08/03/2006;0.0591
09/03/2006;0.0602
10/03/2006;0.0612
13/03/2006;0.0593
14/03/2006;0.0596
15/03/2006;0.0587
16/03/2006;0.0586
17/03/2006;0.0607
20/03/2006;0.0598
21/03/2006;0.0586
22/03/2006;0.0566
23/03/2006;0.0606
24/03/2006;0.0604
27/03/2006;0.0586
28/03/2006;0.0594
29/03/2006;0.0587
30/03/2006;0.0604
31/03/2006;0.0590
03/04/2006;0.0593
04/04/2006;0.0579
05/04/2006;0.0599
06/04/2006;0.0576
07/04/2006;0.0587
10/04/2006;0.0587
11/04/2006;0.0563
12/04/2006;0.0583
13/04/2006;0.0579
17/04/2006;0.0576
18/04/2006;0.0507
19/04/2006;0.0569
20/04/2006;0.0567
24/04/2006;0.0577
25/04/2006;0.0564
26/04/2006;0.0559
27/04/2006;0.0578
28/04/2006;0.0571
02/05/2006;0.0569
03/05/2006;0.0565
04/05/2006;0.0574
05/05/2006;0.0560
08/05/2006;0.0568
09/05/2006;0.0507
10/05/2006;0.0574
11/05/2006;0.0557
12/05/2006;0.0566
15/05/2006;0.0571
16/05/2006;0.0551
17/05/2006;0.0569
18/05/2006;0.0555
19/05/2006;0.0576
22/05/2006;0.0560
23/05/2006;0.0571
24/05/2006;0.0547
25/05/2006;0.0565
26/05/2006;0.0563
29/05/2006;0.0563
30/05/2006;0.0565
31/05/2006;0.0565
01/06/2006;0.0557
02/06/2006;0.0540
05/06/2006;0.0565
06/06/2006;0.0559
07/06/2006;0.0559
08/06/2006;0.0522
09/06/2006;0.0539
12/06/2006;0.0558
13/06/2006;0.0562
14/06/2006;0.0565
16/06/2006;0.0548
19/06/2006;0.0558
20/06/2006;0.0554
21/06/2006;0.0565
22/06/2006;0.0553
23/06/2006;0.0554
26/06/2006;0.0555
27/06/2006;0.0544
28/06/2006;0.0550
29/06/2006;0.0565
30/06/2006;0.0528
03/07/2006;0.0547
04/07/2006;0.0549
05/07/2006;0.0533
06/07/2006;0.0545
07/07/2006;0.0553
10/07/2006;0.0541
11/07/2006;0.0531
12/07/2006;0.0527
13/07/2006;0.0551
14/07/2006;0.0551
17/07/2006;0.0545
18/07/2006;0.0535
19/07/2006;0.0543
20/07/2006;0.0548
21/07/2006;0.0556
24/07/2006;0.0534
25/07/2006;0.0537
26/07/2006;0.0538
27/07/2006;0.0521
28/07/2006;0.0553
31/07/2006;0.0538
01/08/2006;0.0532
02/08/2006;0.0543
03/08/2006;0.0533
04/08/2006;0.0552
07/08/2006;0.0535
08/08/2006;0.0520
09/08/2006;0.0514
10/08/2006;0.0527
11/08/2006;0.0534
14/08/2006;0.0534
15/08/2006;0.0546
16/08/2006;0.0528
17/08/2006;0.0550
18/08/2006;0.0535
21/08/2006;0.0522
22/08/2006;0.0533
23/08/2006;0.0534
24/08/2006;0.0539
25/08/2006;0.0522
28/08/2006;0.0528
29/08/2006;0.0530
30/08/2006;0.0521
31/08/2006;0.0531
01/09/2006;0.0529
04/09/2006;0.0520
05/09/2006;0.0522
06/09/2006;0.0508
08/09/2006;0.0408
11/09/2006;0.0534
12/09/2006;0.0464
13/09/2006;0.0524
14/09/2006;0.0483
15/09/2006;0.0526
18/09/2006;0.0502
19/09/2006;0.0517
20/09/2006;0.0510
21/09/2006;0.0497
22/09/2006;0.0522
25/09/2006;0.0512
26/09/2006;0.0512
27/09/2006;0.0522
28/09/2006;0.0511
29/09/2006;0.0513
02/10/2006;0.0503
03/10/2006;0.0506
04/10/2006;0.0523
05/10/2006;0.0514
06/10/2006;0.0518
09/10/2006;0.0510
10/10/2006;0.0521
11/10/2006;0.0496
13/10/2006;0.0510
16/10/2006;0.0490
17/10/2006;0.0483
18/10/2006;0.0483
19/10/2006;0.0501
20/10/2006;0.0484
23/10/2006;0.0478
24/10/2006;0.0468
25/10/2006;0.0511
26/10/2006;0.0494
27/10/2006;0.0500
30/10/2006;0.0500
31/10/2006;0.0474
01/11/2006;0.0491
03/11/2006;0.0448
06/11/2006;0.0499
07/11/2006;0.0476
08/11/2006;0.0497
09/11/2006;0.0499
10/11/2006;0.0505
13/11/2006;0.0495
14/11/2006;0.0497
16/11/2006;0.0497
17/11/2006;0.0503
20/11/2006;0.0443
21/11/2006;0.0501
22/11/2006;0.0494
23/11/2006;0.0499
24/11/2006;0.0490
27/11/2006;0.0493
28/11/2006;0.0472
29/11/2006;0.0489
30/11/2006;0.0482
01/12/2006;0.0476
04/12/2006;0.0492
05/12/2006;0.0505
06/12/2006;0.0488
07/12/2006;0.0475
08/12/2006;0.0491
11/12/2006;0.0489
12/12/2006;0.0480
13/12/2006;0.0488
14/12/2006;0.0473
15/12/2006;0.0482
18/12/2006;0.0471
19/12/2006;0.0482
20/12/2006;0.0487
21/12/2006;0.0481
22/12/2006;0.0455
26/12/2006;0.0474
27/12/2006;0.0481
28/12/2006;0.0481
29/12/2006;0.0000
02/01/2007;0.0478
03/01/2007;0.0483
04/01/2007;0.0484
05/01/2007;0.0474
08/01/2007;0.0470
09/01/2007;0.0476
10/01/2007;0.0436
11/01/2007;0.0469
12/01/2007;0.0481
15/01/2007;0.0484
16/01/2007;0.0477
17/01/2007;0.0494
18/01/2007;0.0474
19/01/2007;0.0463
22/01/2007;0.0475
23/01/2007;0.0450
24/01/2007;0.0477
25/01/2007;0.0469
26/01/2007;0.0445
29/01/2007;0.0469
30/01/2007;0.0465
31/01/2007;0.0474
01/02/2007;0.0470
02/02/2007;0.0446
05/02/2007;0.0472
06/02/2007;0.0479
07/02/2007;0.0468
08/02/2007;0.0474
09/02/2007;0.0477
12/02/2007;0.0483
13/02/2007;0.0480
14/02/2007;0.0486
15/02/2007;0.0446
16/02/2007;0.0469
21/02/2007;0.0471
22/02/2007;0.0467
23/02/2007;0.0485
26/02/2007;0.0470
27/02/2007;0.0459
28/02/2007;0.0468
01/03/2007;0.0432
02/03/2007;0.0456
05/03/2007;0.0469
06/03/2007;0.0468
07/03/2007;0.0471
08/03/2007;0.0456
09/03/2007;0.0460
12/03/2007;0.0469
13/03/2007;0.0456
14/03/2007;0.0470
15/03/2007;0.0462
16/03/2007;0.0438
19/03/2007;0.0463
20/03/2007;0.0467
21/03/2007;0.0465
22/03/2007;0.0472
23/03/2007;0.0476
26/03/2007;0.0464
27/03/2007;0.0467
28/03/2007;0.0474
29/03/2007;0.0469
30/03/2007;0.0455
02/04/2007;0.0466
03/04/2007;0.0438
04/04/2007;0.0458
05/04/2007;0.0470
09/04/2007;0.0463
10/04/2007;0.0438
11/04/2007;0.0468
12/04/2007;0.0458
13/04/2007;0.0465
16/04/2007;0.0418
17/04/2007;0.0464
18/04/2007;0.0460
19/04/2007;0.0459
20/04/2007;0.0427
23/04/2007;0.0461
24/04/2007;0.0459
25/04/2007;0.0450
26/04/2007;0.0458
27/04/2007;0.0462
30/04/2007;0.0455
02/05/2007;0.0455
03/05/2007;0.0464
04/05/2007;0.0457
07/05/2007;0.0457
08/05/2007;0.0442
09/05/2007;0.0457
10/05/2007;0.0463
11/05/2007;0.0457
14/05/2007;0.0457
15/05/2007;0.0442
16/05/2007;0.0441
17/05/2007;0.0431
18/05/2007;0.0449
21/05/2007;0.0452
22/05/2007;0.0445
23/05/2007;0.0453
24/05/2007;0.0440
25/05/2007;0.0458
28/05/2007;0.0454
29/05/2007;0.0446
30/05/2007;0.0438
31/05/2007;0.0448
01/06/2007;0.0441
04/06/2007;0.0447
05/06/2007;0.0415
06/06/2007;0.0445
08/06/2007;0.0437
11/06/2007;0.0441
12/06/2007;0.0431
13/06/2007;0.0304
14/06/2007;0.0413
15/06/2007;0.0349
18/06/2007;0.0445
19/06/2007;0.0411
20/06/2007;0.0417
21/06/2007;0.0446
22/06/2007;0.0435
25/06/2007;0.0430
26/06/2007;0.0382
27/06/2007;0.0412
28/06/2007;0.0429
29/06/2007;0.0420
02/07/2007;0.0420
03/07/2007;0.0391
04/07/2007;0.0444
05/07/2007;0.0386
06/07/2007;0.0434
09/07/2007;0.0434
10/07/2007;0.0413
11/07/2007;0.0390
12/07/2007;0.0408
13/07/2007;0.0429
16/07/2007;0.0416
17/07/2007;0.0279
18/07/2007;0.0429
19/07/2007;0.0419
20/07/2007;0.0416
23/07/2007;0.0416
24/07/2007;0.0386
25/07/2007;0.0430
26/07/2007;0.0419
27/07/2007;0.0401
30/07/2007;0.0423
31/07/2007;0.0421
01/08/2007;0.0435
02/08/2007;0.0435
03/08/2007;0.0433
06/08/2007;0.0428
07/08/2007;0.0405
08/08/2007;0.0416
09/08/2007;0.0422
10/08/2007;0.0423
13/08/2007;0.0428
14/08/2007;0.0382
15/08/2007;0.0421
16/08/2007;0.0430
17/08/2007;0.0424
20/08/2007;0.0429
21/08/2007;0.0424
22/08/2007;0.0377
23/08/2007;0.0358
24/08/2007;0.0381
27/08/2007;0.0422
28/08/2007;0.0436
29/08/2007;0.0415
30/08/2007;0.0000
31/08/2007;0.0420
03/09/2007;0.0436
04/09/2007;0.0406
05/09/2007;0.0395
06/09/2007;0.0419
10/09/2007;0.0428
11/09/2007;0.0426
12/09/2007;0.0434
13/09/2007;0.0425
14/09/2007;0.0396
17/09/2007;0.0396
18/09/2007;0.0382
19/09/2007;0.0415
20/09/2007;0.0414
21/09/2007;0.0408
24/09/2007;0.0421
25/09/2007;0.0428
26/09/2007;0.0372
27/09/2007;0.0439
28/09/2007;0.0414
01/10/2007;0.0419
02/10/2007;0.0413
03/10/2007;0.0363
04/10/2007;0.0423
05/10/2007;0.0416
08/10/2007;0.0403
09/10/2007;0.0429
10/10/2007;0.0419
11/10/2007;0.0416
15/10/2007;0.0418
16/10/2007;0.0414
17/10/2007;0.0419
18/10/2007;0.0429
19/10/2007;0.0354
22/10/2007;0.0408
23/10/2007;0.0422
24/10/2007;0.0414
25/10/2007;0.0433
26/10/2007;0.0396
29/10/2007;0.0412
30/10/2007;0.0432
31/10/2007;0.0432
01/11/2007;0.0429
05/11/2007;0.0414
06/11/2007;0.0393
07/11/2007;0.0398
08/11/2007;0.0430
09/11/2007;0.0422
12/11/2007;0.0417
13/11/2007;0.0404
14/11/2007;0.0412
16/11/2007;0.0418
19/11/2007;0.0421
20/11/2007;0.0416
21/11/2007;0.0293
22/11/2007;0.0428
23/11/2007;0.0391
26/11/2007;0.0426
27/11/2007;0.0401
28/11/2007;0.0424
29/11/2007;0.0440
30/11/2007;0.0437
03/12/2007;0.0425
04/12/2007;0.0409
05/12/2007;0.0368
06/12/2007;0.0435
07/12/2007;0.0445
10/12/2007;0.0422
11/12/2007;0.0405
12/12/2007;0.0410
13/12/2007;0.0375
14/12/2007;0.0414
17/12/2007;0.0426
18/12/2007;0.0398
19/12/2007;0.0430
20/12/2007;0.0434
21/12/2007;0.0433
24/12/2007;0.0000
26/12/2007;0.0427
27/12/2007;0.0422
28/12/2007;0.0368
31/12/2007;0.0000
02/01/2008;0.0424
03/01/2008;0.0424
04/01/2008;0.0426
07/01/2008;0.0425
08/01/2008;0.0385
09/01/2008;0.0420
10/01/2008;0.0420
11/01/2008;0.0431
14/01/2008;0.0433
15/01/2008;0.0433
16/01/2008;0.0428
17/01/2008;0.0421
18/01/2008;0.0411
21/01/2008;0.0369
22/01/2008;0.0427
23/01/2008;0.0440
24/01/2008;0.0262
25/01/2008;0.0421
28/01/2008;0.0397
29/01/2008;0.0433
30/01/2008;0.0417
31/01/2008;0.0422
01/02/2008;0.0434
06/02/2008;0.0411
07/02/2008;0.0416
08/02/2008;0.0408
11/02/2008;0.0389
12/02/2008;0.0374
13/02/2008;0.0420
14/02/2008;0.0416
15/02/2008;0.0381
18/02/2008;0.0420
19/02/2008;0.0434
20/02/2008;0.0389
21/02/2008;0.0413
22/02/2008;0.0412
25/02/2008;0.0413
26/02/2008;0.0406
27/02/2008;0.0431
28/02/2008;0.0434
29/02/2008;0.0403
03/03/2008;0.0386
04/03/2008;0.0390
05/03/2008;0.0432
06/03/2008;0.0432
07/03/2008;0.0382
10/03/2008;0.0427
11/03/2008;0.0406
12/03/2008;0.0418
13/03/2008;0.0347
14/03/2008;0.0430
17/03/2008;0.0398
18/03/2008;0.0433
19/03/2008;0.0431
20/03/2008;0.0420
24/03/2008;0.0391
25/03/2008;0.0426
26/03/2008;0.0405
27/03/2008;0.0444
28/03/2008;0.0392
31/03/2008;0.0423
01/04/2008;0.0438
02/04/2008;0.0445
03/04/2008;0.0431
04/04/2008;0.0388
07/04/2008;0.0428
08/04/2008;0.0431
09/04/2008;0.0446
10/04/2008;0.0454
11/04/2008;0.0446
14/04/2008;0.0444
15/04/2008;0.0424
16/04/2008;0.0449
17/04/2008;0.0440
18/04/2008;0.0443
22/04/2008;0.0447
23/04/2008;0.0361
24/04/2008;0.0444
25/04/2008;0.0458
28/04/2008;0.0475
29/04/2008;0.0441
30/04/2008;0.0460
02/05/2008;0.0458
05/05/2008;0.0438
06/05/2008;0.0369
07/05/2008;0.0394
08/05/2008;0.0465
09/05/2008;0.0459
12/05/2008;0.0444
13/05/2008;0.0374
14/05/2008;0.0473
15/05/2008;0.0464
16/05/2008;0.0406
19/05/2008;0.0423
20/05/2008;0.0443
21/05/2008;0.0497
23/05/2008;0.0462
26/05/2008;0.0481
27/05/2008;0.0439
28/05/2008;0.0480
29/05/2008;0.0469
30/05/2008;0.0466
02/06/2008;0.0467
03/06/2008;0.0455
04/06/2008;0.0457
05/06/2008;0.0400
06/06/2008;0.0450
09/06/2008;0.0437
10/06/2008;0.0433
11/06/2008;0.0470
12/06/2008;0.0481
13/06/2008;0.0475
16/06/2008;0.0426
17/06/2008;0.0349
18/06/2008;0.0414
19/06/2008;0.0498
20/06/2008;0.0440
23/06/2008;0.0510
24/06/2008;0.0466
25/06/2008;0.0480
26/06/2008;0.0480
27/06/2008;0.0505
30/06/2008;0.0464
01/07/2008;0.0426
02/07/2008;0.0467
03/07/2008;0.0529
04/07/2008;0.0549
07/07/2008;0.0465
08/07/2008;0.0493
09/07/2008;0.0460
10/07/2008;0.0467
11/07/2008;0.0493
14/07/2008;0.0467
15/07/2008;0.0343
16/07/2008;0.0432
17/07/2008;0.0513
18/07/2008;0.0473
21/07/2008;0.0391
22/07/2008;0.0468
23/07/2008;0.0487
24/07/2008;0.0506
25/07/2008;0.0478
28/07/2008;0.0478
29/07/2008;0.0482
30/07/2008;0.0477
31/07/2008;0.0456
01/08/2008;0.0421
04/08/2008;0.0579
05/08/2008;0.0470
06/08/2008;0.0510
07/08/2008;0.0516
08/08/2008;0.0000
11/08/2008;0.0434
12/08/2008;0.0436
13/08/2008;0.0476
14/08/2008;0.0502
15/08/2008;0.0560
18/08/2008;0.0499
19/08/2008;0.0496
20/08/2008;0.0505
21/08/2008;0.0518
22/08/2008;0.0516
25/08/2008;0.0476
26/08/2008;0.0526
27/08/2008;0.0416
28/08/2008;0.0000
29/08/2008;0.0495
01/09/2008;0.0508
02/09/2008;0.0506
03/09/2008;0.0508
04/09/2008;0.0522
05/09/2008;0.0514
08/09/2008;0.0518
09/09/2008;0.0422
10/09/2008;0.0406
11/09/2008;0.0456
12/09/2008;0.0478
15/09/2008;0.0516
16/09/2008;0.0534
17/09/2008;0.0501
18/09/2008;0.0542
19/09/2008;0.0514
22/09/2008;0.0467
23/09/2008;0.0504
24/09/2008;0.0484
25/09/2008;0.0496
26/09/2008;0.0532
29/09/2008;0.0504
30/09/2008;0.0504
01/10/2008;0.0535
02/10/2008;0.0537
03/10/2008;0.0527
06/10/2008;0.0497
07/10/2008;0.0512
08/10/2008;0.0417
09/10/2008;0.0550
10/10/2008;0.0515
13/10/2008;0.0434
14/10/2008;0.0558
15/10/2008;0.0548
16/10/2008;0.0555
17/10/2008;0.0548
20/10/2008;0.0505
21/10/2008;0.0504
22/10/2008;0.0551
23/10/2008;0.0525
24/10/2008;0.0531
27/10/2008;0.0453
28/10/2008;0.0526
29/10/2008;0.0531
30/10/2008;0.0557
31/10/2008;0.0456
03/11/2008;0.0514
04/11/2008;0.0433
05/11/2008;0.0516
06/11/2008;0.0470
07/11/2008;0.0520
10/11/2008;0.0478
11/11/2008;0.0523
12/11/2008;0.0554
13/11/2008;0.0549
14/11/2008;0.0552
17/11/2008;0.0440
18/11/2008;0.0408
19/11/2008;0.0558
20/11/2008;0.0497
21/11/2008;0.0532
24/11/2008;0.0506
25/11/2008;0.0550
26/11/2008;0.0545
27/11/2008;0.0543
28/11/2008;0.0511
01/12/2008;0.0509
02/12/2008;0.0393
03/12/2008;0.0509
04/12/2008;0.0519
05/12/2008;0.0501
08/12/2008;0.0505
09/12/2008;0.0505
10/12/2008;0.0526
11/12/2008;0.0520
12/12/2008;0.0524
15/12/2008;0.0508
16/12/2008;0.0502
17/12/2008;0.0471
18/12/2008;0.0405
19/12/2008;0.0499
22/12/2008;0.0526
23/12/2008;0.0505
24/12/2008;0.0000
26/12/2008;0.0502
29/12/2008;0.0523
30/12/2008;0.0538
31/12/2008;0.0000
02/01/2009;0.0458
05/01/2009;0.0485
06/01/2009;0.0354
07/01/2009;0.0503
08/01/2009;0.0546
09/01/2009;0.0512
12/01/2009;0.0495
13/01/2009;0.0499
14/01/2009;0.0491
15/01/2009;0.0472
16/01/2009;0.0495
19/01/2009;0.0501
20/01/2009;0.0474
21/01/2009;0.0472
22/01/2009;0.0464
23/01/2009;0.0496
26/01/2009;0.0462
27/01/2009;0.0490
28/01/2009;0.0493
29/01/2009;0.0485
30/01/2009;0.0470
02/02/2009;0.0458
03/02/2009;0.0494
04/02/2009;0.0416
05/02/2009;0.0498
06/02/2009;0.0498
09/02/2009;0.0477
10/02/2009;0.0466
11/02/2009;0.0494
12/02/2009;0.0480
13/02/2009;0.0448
16/02/2009;0.0454
17/02/2009;0.0453
18/02/2009;0.0441
19/02/2009;0.0495
20/02/2009;0.0494
25/02/2009;0.0472
26/02/2009;0.0460
27/02/2009;0.0435
02/03/2009;0.0470
03/03/2009;0.0459
04/03/2009;0.0443
05/03/2009;0.0436
06/03/2009;0.0443
09/03/2009;0.0387
10/03/2009;0.0420
11/03/2009;0.0419
12/03/2009;0.0413
13/03/2009;0.0432
16/03/2009;0.0425
17/03/2009;0.0441
18/03/2009;0.0447
19/03/2009;0.0440
20/03/2009;0.0363
23/03/2009;0.0401
24/03/2009;0.0400
25/03/2009;0.0393
26/03/2009;0.0439
27/03/2009;0.0430
30/03/2009;0.0421
31/03/2009;0.0402
01/04/2009;0.0430
02/04/2009;0.0430
03/04/2009;0.0411
06/04/2009;0.0392
07/04/2009;0.0398
08/04/2009;0.0428
09/04/2009;0.0423
13/04/2009;0.0416
14/04/2009;0.0389
15/04/2009;0.0389
16/04/2009;0.0392
17/04/2009;0.0258
20/04/2009;0.0393
22/04/2009;0.0409
23/04/2009;0.0387
24/04/2009;0.0385
27/04/2009;0.0394
28/04/2009;0.0388
29/04/2009;0.0377
30/04/2009;0.0295
04/05/2009;0.0386
05/05/2009;0.0380
06/05/2009;0.0397
07/05/2009;0.0409
08/05/2009;0.0400
11/05/2009;0.0388
12/05/2009;0.0377
13/05/2009;0.0378
14/05/2009;0.0379
15/05/2009;0.0366
18/05/2009;0.0368
19/05/2009;0.0394
20/05/2009;0.0396
21/05/2009;0.0396
22/05/2009;0.0368
25/05/2009;0.0369
26/05/2009;0.0391
27/05/2009;0.0398
28/05/2009;0.0374
29/05/2009;0.0360
01/06/2009;0.0371
02/06/2009;0.0382
03/06/2009;0.0375
04/06/2009;0.0366
05/06/2009;0.0374
08/06/2009;0.0368
09/06/2009;0.0358
10/06/2009;0.0362
12/06/2009;0.0339
15/06/2009;0.0342
16/06/2009;0.0356
17/06/2009;0.0346
18/06/2009;0.0363
19/06/2009;0.0342
22/06/2009;0.0344
23/06/2009;0.0341
24/06/2009;0.0359
25/06/2009;0.0339
26/06/2009;0.0334
29/06/2009;0.0355
30/06/2009;0.0360
01/07/2009;0.0367
02/07/2009;0.0364
03/07/2009;0.0000
06/07/2009;0.0349
07/07/2009;0.0341
08/07/2009;0.0475
09/07/2009;0.0000
10/07/2009;0.0329
13/07/2009;0.0365
14/07/2009;0.0355
15/07/2009;0.0330
16/07/2009;0.0465
17/07/2009;0.0389
20/07/2009;0.0356
21/07/2009;0.0343
22/07/2009;0.0325
23/07/2009;0.0357
24/07/2009;0.0324
27/07/2009;0.0350
28/07/2009;0.0342
29/07/2009;0.0335
30/07/2009;0.0347
31/07/2009;0.0326
03/08/2009;0.0331
04/08/2009;0.0314
05/08/2009;0.0342
06/08/2009;0.0405
07/08/2009;0.0394
10/08/2009;0.0335
11/08/2009;0.0327
12/08/2009;0.0320
13/08/2009;0.0000
14/08/2009;0.0329
17/08/2009;0.0341
18/08/2009;0.0315
19/08/2009;0.0319
20/08/2009;0.0320
21/08/2009;0.0334
24/08/2009;0.0340
25/08/2009;0.0332
26/08/2009;0.0344
27/08/2009;0.0317
28/08/2009;0.0315
31/08/2009;0.0328
01/09/2009;0.0314
02/09/2009;0.0321
03/09/2009;0.0358
04/09/2009;0.0354
08/09/2009;0.0357
09/09/2009;0.0344
10/09/2009;0.0319
11/09/2009;0.0351
14/09/2009;0.0329
15/09/2009;0.0356
16/09/2009;0.0331
17/09/2009;0.0358
18/09/2009;0.0321
21/09/2009;0.0328
22/09/2009;0.0360
23/09/2009;0.0360
24/09/2009;0.0332
25/09/2009;0.0370
28/09/2009;0.0344
29/09/2009;0.0343
30/09/2009;0.0381
01/10/2009;0.0322
02/10/2009;0.0321
05/10/2009;0.0338
06/10/2009;0.0359
07/10/2009;0.0331
08/10/2009;0.0334
09/10/2009;0.0365
13/10/2009;0.0349
14/10/2009;0.0337
15/10/2009;0.0325
16/10/2009;0.0319
19/10/2009;0.0370
20/10/2009;0.0331
21/10/2009;0.0326
22/10/2009;0.0321
23/10/2009;0.0345
26/10/2009;0.0331
27/10/2009;0.0350
28/10/2009;0.0355
29/10/2009;0.0319
30/10/2009;0.0328
03/11/2009;0.0337
04/11/2009;0.0349
05/11/2009;0.0423
06/11/2009;0.0315
09/11/2009;0.0344
10/11/2009;0.0351
11/11/2009;0.0000
12/11/2009;0.0398
13/11/2009;0.0343
16/11/2009;0.0349
17/11/2009;0.0333
18/11/2009;0.0270
19/11/2009;0.0344
20/11/2009;0.0319
23/11/2009;0.0409
24/11/2009;0.0349
25/11/2009;0.0350
26/11/2009;0.0307
27/11/2009;0.0341
30/11/2009;0.0326
01/12/2009;0.0318
02/12/2009;0.0365
03/12/2009;0.0345
04/12/2009;0.0000
07/12/2009;0.0332
08/12/2009;0.0360
09/12/2009;0.0328
10/12/2009;0.0310
11/12/2009;0.0270
14/12/2009;0.0320
15/12/2009;0.0320
16/12/2009;0.0323
17/12/2009;0.0317
18/12/2009;0.0000
21/12/2009;0.0331
22/12/2009;0.0331
23/12/2009;0.0319
24/12/2009;0.0000
28/12/2009;0.0337
29/12/2009;0.0350
30/12/2009;0.0341
31/12/2009;0.0000
04/01/2010;0.0329
05/01/2010;0.0317
06/01/2010;0.0395
07/01/2010;0.0328
08/01/2010;0.0334
11/01/2010;0.0353
12/01/2010;0.0354
13/01/2010;0.0307
14/01/2010;0.0420
15/01/2010;0.0446
18/01/2010;0.0359
19/01/2010;0.0339
20/01/2010;0.0318
21/01/2010;0.0422
22/01/2010;0.0318
25/01/2010;0.0349
26/01/2010;0.0355
27/01/2010;0.0352
28/01/2010;0.0335
29/01/2010;0.0332
01/02/2010;0.0344
02/02/2010;0.0375
03/02/2010;0.0325
04/02/2010;0.0307
05/02/2010;0.0359
08/02/2010;0.0320
09/02/2010;0.0393
10/02/2010;0.0339
11/02/2010;0.0318
12/02/2010;0.0384
17/02/2010;0.0318
18/02/2010;0.0335
19/02/2010;0.0320
22/02/2010;0.0366
23/02/2010;0.0286
24/02/2010;0.0000
25/02/2010;0.0369
26/02/2010;0.0319
01/03/2010;0.0369
02/03/2010;0.0340
03/03/2010;0.0368
04/03/2010;0.0378
05/03/2010;0.0351
08/03/2010;0.0349
09/03/2010;0.0331
10/03/2010;0.0330
11/03/2010;0.0319
12/03/2010;0.0000
15/03/2010;0.0362
16/03/2010;0.0330
17/03/2010;0.0349
18/03/2010;0.0000
19/03/2010;0.0000
22/03/2010;0.0350
23/03/2010;0.0343
24/03/2010;0.0323
25/03/2010;0.0462
26/03/2010;0.0446
29/03/2010;0.0340
30/03/2010;0.0377
31/03/2010;0.0365
01/04/2010;0.0483
05/04/2010;0.0383
06/04/2010;0.0336
07/04/2010;0.0476
08/04/2010;0.0332
09/04/2010;0.0329
12/04/2010;0.0349
13/04/2010;0.0345
14/04/2010;0.0400
15/04/2010;0.0358
16/04/2010;0.0000
19/04/2010;0.0348
20/04/2010;0.0348
22/04/2010;0.0000
23/04/2010;0.0366
26/04/2010;0.0395
27/04/2010;0.0396
28/04/2010;0.0000
29/04/2010;0.0000
30/04/2010;0.0347
03/05/2010;0.0358
04/05/2010;0.0372
05/05/2010;0.0402
06/05/2010;0.0425
07/05/2010;0.0429
10/05/2010;0.0429
11/05/2010;0.0431
12/05/2010;0.0463
13/05/2010;0.0348
14/05/2010;0.0501
17/05/2010;0.0388
18/05/2010;0.0378
19/05/2010;0.0000
20/05/2010;0.0390
21/05/2010;0.0478
24/05/2010;0.0400
25/05/2010;0.0385
26/05/2010;0.0358
27/05/2010;0.0439
28/05/2010;0.0511
31/05/2010;0.0372
01/06/2010;0.0414
02/06/2010;0.0418
04/06/2010;0.0374
07/06/2010;0.0399
08/06/2010;0.0426
09/06/2010;0.0451
10/06/2010;0.0379
11/06/2010;0.0000
14/06/2010;0.0396
15/06/2010;0.0374
16/06/2010;0.0427
17/06/2010;0.0402
18/06/2010;0.0484
21/06/2010;0.0384
22/06/2010;0.0392
23/06/2010;0.0384
24/06/2010;0.0397
25/06/2010;0.0000
28/06/2010;0.0385
29/06/2010;0.0396
30/06/2010;0.0383
01/07/2010;0.0406
02/07/2010;0.0511
05/07/2010;0.0410
06/07/2010;0.0441
07/07/2010;0.0416
08/07/2010;0.0428
09/07/2010;0.0389
12/07/2010;0.0407
13/07/2010;0.0000
14/07/2010;0.0443
15/07/2010;0.0394
16/07/2010;0.0438
19/07/2010;0.0432
20/07/2010;0.0396
21/07/2010;0.0402
22/07/2010;0.0419
23/07/2010;0.0443
26/07/2010;0.0418
27/07/2010;0.0420
28/07/2010;0.0438
29/07/2010;0.0402
30/07/2010;0.0391
02/08/2010;0.0438
03/08/2010;0.0438
04/08/2010;0.0378
05/08/2010;0.0390
06/08/2010;0.0000
09/08/2010;0.0395
10/08/2010;0.0000
11/08/2010;0.0419
12/08/2010;0.0417
13/08/2010;0.0413
16/08/2010;0.0424
17/08/2010;0.0421
18/08/2010;0.0409
19/08/2010;0.0000
20/08/2010;0.0482
23/08/2010;0.0410
24/08/2010;0.0393
25/08/2010;0.0388
26/08/2010;0.0000
27/08/2010;0.0485
30/08/2010;0.0401
31/08/2010;0.0393
01/09/2010;0.0400
02/09/2010;0.0420
03/09/2010;0.0000
06/09/2010;0.0403
08/09/2010;0.0407
09/09/2010;0.0392
10/09/2010;0.0481
13/09/2010;0.0426
14/09/2010;0.0431
15/09/2010;0.0420
16/09/2010;0.0436
17/09/2010;0.0437
20/09/2010;0.0389
21/09/2010;0.0431
22/09/2010;0.0000
23/09/2010;0.0436
24/09/2010;0.0422
27/09/2010;0.0415
28/09/2010;0.0413
29/09/2010;0.0393
30/09/2010;0.0404
01/10/2010;0.0435
04/10/2010;0.0416
05/10/2010;0.0417
06/10/2010;0.0392
07/10/2010;0.0401
08/10/2010;0.0403
11/10/2010;0.0392
13/10/2010;0.0417
14/10/2010;0.0452
15/10/2010;0.0396
18/10/2010;0.0432
19/10/2010;0.0418
20/10/2010;0.0468
21/10/2010;0.0395
22/10/2010;0.0462
25/10/2010;0.0390
26/10/2010;0.0414
27/10/2010;0.0000
28/10/2010;0.0000
29/10/2010;0.0402
01/11/2010;0.0421
03/11/2010;0.0410
04/11/2010;0.0417
05/11/2010;0.0390
08/11/2010;0.0416
09/11/2010;0.0403
10/11/2010;0.0411
11/11/2010;0.0410
12/11/2010;0.0493
16/11/2010;0.0424
17/11/2010;0.0445
18/11/2010;0.0437
19/11/2010;0.0440
22/11/2010;0.0433
23/11/2010;0.0451
24/11/2010;0.0397
25/11/2010;0.0394
26/11/2010;0.0484
29/11/2010;0.0444
30/11/2010;0.0439
01/12/2010;0.0000
02/12/2010;0.0496
03/12/2010;0.0484
06/12/2010;0.0431
07/12/2010;0.0447
08/12/2010;0.0371
09/12/2010;0.0443
10/12/2010;0.0513
13/12/2010;0.0397
14/12/2010;0.0436
15/12/2010;0.0414
16/12/2010;0.0439
17/12/2010;0.0499
20/12/2010;0.0428
21/12/2010;0.0446
22/12/2010;0.0395
23/12/2010;0.0000
24/12/2010;0.0000
27/12/2010;0.0399
28/12/2010;0.0000
29/12/2010;0.0405
30/12/2010;0.0000
31/12/2010;0.0000
03/01/2011;0.0409
04/01/2011;0.0473
05/01/2011;0.0404
06/01/2011;0.0487
07/01/2011;0.0486
10/01/2011;0.0415
11/01/2011;0.0000
12/01/2011;0.0426
13/01/2011;0.0463
14/01/2011;0.0000
17/01/2011;0.0430
18/01/2011;0.0458
19/01/2011;0.0455
20/01/2011;0.0464
21/01/2011;0.0492
24/01/2011;0.0443
25/01/2011;0.0000
26/01/2011;0.0422
27/01/2011;0.0483
28/01/2011;0.0469
31/01/2011;0.0446
01/02/2011;0.0508
02/02/2011;0.0436
03/02/2011;0.0000
04/02/2011;0.0467
07/02/2011;0.0468
08/02/2011;0.0481
09/02/2011;0.0413
10/02/2011;0.0000
11/02/2011;0.0000
14/02/2011;0.0455
15/02/2011;0.0490
16/02/2011;0.0416
17/02/2011;0.0464
18/02/2011;0.0474
21/02/2011;0.0458
22/02/2011;0.0498
23/02/2011;0.0480
24/02/2011;0.0432
25/02/2011;0.0429
28/02/2011;0.0443
01/03/2011;0.0437
02/03/2011;0.0428
03/03/2011;0.0000
04/03/2011;0.0536
09/03/2011;0.0476
10/03/2011;0.0440
11/03/2011;0.0430
14/03/2011;0.0432
15/03/2011;0.0441
16/03/2011;0.0525
17/03/2011;0.0492
18/03/2011;0.0430
21/03/2011;0.0429
22/03/2011;0.0431
23/03/2011;0.0477
24/03/2011;0.0486
25/03/2011;0.0490
28/03/2011;0.0455
29/03/2011;0.0493
30/03/2011;0.0523
31/03/2011;0.0430
01/04/2011;0.0000
04/04/2011;0.0477
05/04/2011;0.0485
06/04/2011;0.0541
07/04/2011;0.0000
08/04/2011;0.0000
11/04/2011;0.0463
12/04/2011;0.0492
13/04/2011;0.0463
14/04/2011;0.0000
15/04/2011;0.0489
18/04/2011;0.0437
19/04/2011;0.0000
20/04/2011;0.0458
25/04/2011;0.0501
26/04/2011;0.0490
27/04/2011;0.0467
28/04/2011;0.0499
29/04/2011;0.0430
02/05/2011;0.0449
03/05/2011;0.0408
04/05/2011;0.0443
05/05/2011;0.0000
06/05/2011;0.0000
09/05/2011;0.0450
10/05/2011;0.0479
11/05/2011;0.0549
12/05/2011;0.0467
13/05/2011;0.0479
16/05/2011;0.0465
17/05/2011;0.0452
18/05/2011;0.0441
19/05/2011;0.0451
20/05/2011;0.0000
23/05/2011;0.0474
24/05/2011;0.0538
25/05/2011;0.0445
26/05/2011;0.0457
27/05/2011;0.0443
30/05/2011;0.0493
31/05/2011;0.0494
01/06/2011;0.0447
02/06/2011;0.0494
03/06/2011;0.0482
06/06/2011;0.0467
07/06/2011;0.0499
08/06/2011;0.0491
09/06/2011;0.0518
10/06/2011;0.0548
13/06/2011;0.0447
14/06/2011;0.0466
15/06/2011;0.0470
16/06/2011;0.0498
17/06/2011;0.0480
20/06/2011;0.0467
21/06/2011;0.0000
22/06/2011;0.0509
24/06/2011;0.0547
27/06/2011;0.0451
28/06/2011;0.0461
29/06/2011;0.0501
30/06/2011;0.0488
01/07/2011;0.0450
04/07/2011;0.0475
05/07/2011;0.0507
06/07/2011;0.0558
07/07/2011;0.0548
08/07/2011;0.0560
11/07/2011;0.0457
12/07/2011;0.0000
13/07/2011;0.0560
14/07/2011;0.0493
15/07/2011;0.0000
18/07/2011;0.0449
19/07/2011;0.0517
20/07/2011;0.0493
21/07/2011;0.0481
22/07/2011;0.0495
25/07/2011;0.0477
26/07/2011;0.0481
27/07/2011;0.0459
28/07/2011;0.0469
29/07/2011;0.0000
01/08/2011;0.0456
02/08/2011;0.0480
03/08/2011;0.0488
04/08/2011;0.0511
05/08/2011;0.0000
08/08/2011;0.0505
09/08/2011;0.0511
10/08/2011;0.0465
11/08/2011;0.0506
12/08/2011;0.0505
15/08/2011;0.0487
16/08/2011;0.0471
17/08/2011;0.0459
18/08/2011;0.0000
19/08/2011;0.0000
22/08/2011;0.0446
23/08/2011;0.0507
24/08/2011;0.0509
25/08/2011;0.0388
26/08/2011;0.0474
29/08/2011;0.0458
30/08/2011;0.0421
31/08/2011;0.0456
01/09/2011;0.0000
02/09/2011;0.0474
05/09/2011;0.0459
06/09/2011;0.0498
08/09/2011;0.0478
09/09/2011;0.0481
12/09/2011;0.0438
13/09/2011;0.0415
14/09/2011;0.0000
15/09/2011;0.0455
16/09/2011;0.0438
19/09/2011;0.0426
20/09/2011;0.0484
21/09/2011;0.0484
22/09/2011;0.0435
23/09/2011;0.0525
26/09/2011;0.0399
27/09/2011;0.0000
28/09/2011;0.0529
29/09/2011;0.0442
30/09/2011;0.0428
03/10/2011;0.0426
04/10/2011;0.0467
05/10/2011;0.0466
06/10/2011;0.0444
07/10/2011;0.0000
10/10/2011;0.0443
11/10/2011;0.0000
13/10/2011;0.0425
14/10/2011;0.0454
17/10/2011;0.0448
18/10/2011;0.0462
19/10/2011;0.0385
20/10/2011;0.0460
21/10/2011;0.0461
24/10/2011;0.0409
25/10/2011;0.0449
26/10/2011;0.0450
27/10/2011;0.0433
28/10/2011;0.0434
31/10/2011;0.0429
01/11/2011;0.0428
03/11/2011;0.0428
04/11/2011;0.0500
07/11/2011;0.0455
08/11/2011;0.0450
09/11/2011;0.0487
10/11/2011;0.0422
11/11/2011;0.0000
14/11/2011;0.0416
16/11/2011;0.0414
17/11/2011;0.0497
18/11/2011;0.0469
21/11/2011;0.0412
22/11/2011;0.0459
23/11/2011;0.0434
24/11/2011;0.0407
25/11/2011;0.0405
28/11/2011;0.0403
29/11/2011;0.0393
30/11/2011;0.0403
01/12/2011;0.0406
02/12/2011;0.0000
05/12/2011;0.0394
06/12/2011;0.0407
07/12/2011;0.0427
08/12/2011;0.0000
09/12/2011;0.0455
12/12/2011;0.0454
13/12/2011;0.0396
14/12/2011;0.0403
15/12/2011;0.0409
16/12/2011;0.0406
19/12/2011;0.0407
20/12/2011;0.0415
21/12/2011;0.0407
22/12/2011;0.0000
23/12/2011;0.0410
26/12/2011;0.0365
27/12/2011;0.0412
28/12/2011;0.0429
29/12/2011;0.0432
30/12/2011;0.0000
02/01/2012;0.0403
03/01/2012;0.0356
04/01/2012;0.0429
05/01/2012;0.0432
06/01/2012;0.0000
09/01/2012;0.0423
10/01/2012;0.0424
11/01/2012;0.0404
12/01/2012;0.0495
13/01/2012;0.0000
16/01/2012;0.0363
17/01/2012;0.0402
18/01/2012;0.0400
19/01/2012;0.0000
20/01/2012;0.0350
23/01/2012;0.0387
24/01/2012;0.0571
25/01/2012;0.0000
26/01/2012;0.0435
27/01/2012;0.0000
30/01/2012;0.0358
31/01/2012;0.0410
01/02/2012;0.0361
02/02/2012;0.0443
03/02/2012;0.0000
06/02/2012;0.0343
07/02/2012;0.0414
08/02/2012;0.0409
09/02/2012;0.0373
10/02/2012;0.0371
13/02/2012;0.0385
14/02/2012;0.0426
15/02/2012;0.0000
16/02/2012;0.0343
17/02/2012;0.0000
22/02/2012;0.0000
23/02/2012;0.0384
24/02/2012;0.0000
27/02/2012;0.0380
28/02/2012;0.0383
29/02/2012;0.0423
01/03/2012;0.0388
02/03/2012;0.0350
05/03/2012;0.0375
06/03/2012;0.0000
07/03/2012;0.0361
08/03/2012;0.0367
09/03/2012;0.0000
12/03/2012;0.0369
13/03/2012;0.0363
14/03/2012;0.0000
15/03/2012;0.0367
16/03/2012;0.0362
19/03/2012;0.0359
20/03/2012;0.0379
21/03/2012;0.0407
22/03/2012;0.0000
23/03/2012;0.0000
26/03/2012;0.0365
27/03/2012;0.0000
28/03/2012;0.0379
29/03/2012;0.0371
30/03/2012;0.0369
02/04/2012;0.0350
03/04/2012;0.0000
04/04/2012;0.0354
05/04/2012;0.0397
09/04/2012;0.0347
10/04/2012;0.0000
11/04/2012;0.0359
12/04/2012;0.0000
13/04/2012;0.0000
16/04/2012;0.0340
17/04/2012;0.0355
18/04/2012;0.0339
19/04/2012;0.0336
20/04/2012;0.0000
23/04/2012;0.0338
24/04/2012;0.0000
25/04/2012;0.0391
26/04/2012;0.0347
27/04/2012;0.0000
30/04/2012;0.0331
02/05/2012;0.0354
03/05/2012;0.0338
04/05/2012;0.0000
07/05/2012;0.0327
08/05/2012;0.0000
09/05/2012;0.0363
10/05/2012;0.0334
11/05/2012;0.0000
14/05/2012;0.0320
15/05/2012;0.0312
16/05/2012;0.0359
17/05/2012;0.0359
18/05/2012;0.0000
21/05/2012;0.0320
22/05/2012;0.0320
23/05/2012;0.0385
24/05/2012;0.0000
25/05/2012;0.0323
28/05/2012;0.0320
29/05/2012;0.0000
30/05/2012;0.0375
31/05/2012;0.0331
01/06/2012;0.0000
04/06/2012;0.0313
05/06/2012;0.0000
06/06/2012;0.0348
08/06/2012;0.0000
11/06/2012;0.0310
12/06/2012;0.0336
13/06/2012;0.0329
14/06/2012;0.0354
15/06/2012;0.0000
18/06/2012;0.0334
19/06/2012;0.0000
20/06/2012;0.0334
21/06/2012;0.0332
22/06/2012;0.0338
25/06/2012;0.0309
26/06/2012;0.0000
27/06/2012;0.0000
28/06/2012;0.0312
29/06/2012;0.0000
02/07/2012;0.0308
03/07/2012;0.0348
04/07/2012;0.0322
05/07/2012;0.0315
06/07/2012;0.0000
09/07/2012;0.0000
10/07/2012;0.0306
11/07/2012;0.0000
12/07/2012;0.0307
13/07/2012;0.0000
16/07/2012;0.0302
17/07/2012;0.0000
18/07/2012;0.0359
19/07/2012;0.0000
20/07/2012;0.0000
23/07/2012;0.0314
24/07/2012;0.0000
25/07/2012;0.0299
26/07/2012;0.0264
27/07/2012;0.0357
30/07/2012;0.0300
31/07/2012;0.0000
01/08/2012;0.0000
02/08/2012;0.0333
03/08/2012;0.0000
06/08/2012;0.0294
07/08/2012;0.0000
08/08/2012;0.0000
09/08/2012;0.0338
10/08/2012;0.0000
13/08/2012;0.0307
14/08/2012;0.0295
15/08/2012;0.0290
16/08/2012;0.0000
17/08/2012;0.0000
20/08/2012;0.0287
21/08/2012;0.0000
22/08/2012;0.0312
23/08/2012;0.0310
24/08/2012;0.0270
27/08/2012;0.0288
28/08/2012;0.0365
29/08/2012;0.0306
30/08/2012;0.0307
31/08/2012;0.0305
03/09/2012;0.0283
04/09/2012;0.0310
05/09/2012;0.0000
06/09/2012;0.0291
10/09/2012;0.0283
11/09/2012;0.0000
12/09/2012;0.0000
13/09/2012;0.0300
14/09/2012;0.0336
17/09/2012;0.0283
18/09/2012;0.0000
19/09/2012;0.0000
20/09/2012;0.0000
21/09/2012;0.0000
24/09/2012;0.0282
25/09/2012;0.0000
26/09/2012;0.0346
27/09/2012;0.0000
28/09/2012;0.0000
01/10/2012;0.0284
02/10/2012;0.0000
03/10/2012;0.0000
04/10/2012;0.0287
05/10/2012;0.0000
08/10/2012;0.0295
09/10/2012;0.0000
10/10/2012;0.0000
11/10/2012;0.0000
15/10/2012;0.0276
16/10/2012;0.0289
17/10/2012;0.0269
18/10/2012;0.0000
19/10/2012;0.0000
22/10/2012;0.0276
23/10/2012;0.0240
24/10/2012;0.0275
25/10/2012;0.0297
26/10/2012;0.0000
29/10/2012;0.0333
30/10/2012;0.0000
31/10/2012;0.0298
01/11/2012;0.0269
05/11/2012;0.0277
06/11/2012;0.0000
07/11/2012;0.0000
08/11/2012;0.0295
09/11/2012;0.0000
12/11/2012;0.0277
13/11/2012;0.0000
14/11/2012;0.0000
16/11/2012;0.0283
19/11/2012;0.0285
20/11/2012;0.0000
21/11/2012;0.0297
22/11/2012;0.0300
23/11/2012;0.0000
26/11/2012;0.0274
27/11/2012;0.0303
28/11/2012;0.0000
29/11/2012;0.0000
30/11/2012;0.0000
03/12/2012;0.0276
04/12/2012;0.0000
05/12/2012;0.0000
06/12/2012;0.0281
07/12/2012;0.0349
10/12/2012;0.0334
11/12/2012;0.0000
12/12/2012;0.0000
13/12/2012;0.0000
14/12/2012;0.0272
17/12/2012;0.0275
18/12/2012;0.0298
19/12/2012;0.0269
20/12/2012;0.0000
21/12/2012;0.0000
24/12/2012;0.0000
26/12/2012;0.0273
27/12/2012;0.0293
28/12/2012;0.0000
31/12/2012;0.0000
02/01/2013;0.0276
03/01/2013;0.0269
04/01/2013;0.0000
07/01/2013;0.0293
08/01/2013;0.0000
09/01/2013;0.0000
10/01/2013;0.0278
11/01/2013;0.0000
14/01/2013;0.0307
15/01/2013;0.0357
16/01/2013;0.0000
17/01/2013;0.0302
18/01/2013;0.0280
21/01/2013;0.0272
22/01/2013;0.0000
23/01/2013;0.0000
24/01/2013;0.0371
25/01/2013;0.0000
28/01/2013;0.0270
29/01/2013;0.0000
30/01/2013;0.0000
31/01/2013;0.0000
01/02/2013;0.0000
04/02/2013;0.0272
05/02/2013;0.0303
06/02/2013;0.0000
07/02/2013;0.0281
08/02/2013;0.0000
13/02/2013;0.0000
14/02/2013;0.0000
15/02/2013;0.0000
18/02/2013;0.0302
19/02/2013;0.0302
20/02/2013;0.0269
21/02/2013;0.0304
22/02/2013;0.0000
25/02/2013;0.0275
26/02/2013;0.0000
27/02/2013;0.0283
28/02/2013;0.0000
01/03/2013;0.0000
04/03/2013;0.0274
05/03/2013;0.0000
06/03/2013;0.0283
07/03/2013;0.0269
08/03/2013;0.0000
11/03/2013;0.0272
12/03/2013;0.0000
13/03/2013;0.0000
14/03/2013;0.0310
15/03/2013;0.0000
18/03/2013;0.0370
19/03/2013;0.0000
20/03/2013;0.0389
21/03/2013;0.0000
22/03/2013;0.0281
25/03/2013;0.0273
26/03/2013;0.0000
27/03/2013;0.0000
28/03/2013;0.0302
01/04/2013;0.0274
02/04/2013;0.0000
03/04/2013;0.0385
04/04/2013;0.0371
05/04/2013;0.0000
08/04/2013;0.0271
09/04/2013;0.0000
10/04/2013;0.0000
11/04/2013;0.0291
12/04/2013;0.0000
15/04/2013;0.0282
16/04/2013;0.0000
17/04/2013;0.0305
18/04/2013;0.0000
19/04/2013;0.0000
22/04/2013;0.0280
23/04/2013;0.0403
24/04/2013;0.0272
25/04/2013;0.0339
26/04/2013;0.0000
29/04/2013;0.0281
30/04/2013;0.0000
02/05/2013;0.0299
03/05/2013;0.0373
06/05/2013;0.0287
07/05/2013;0.0000
08/05/2013;0.0298
09/05/2013;0.0276
10/05/2013;0.0326
13/05/2013;0.0286
14/05/2013;0.0000
15/05/2013;0.0000
16/05/2013;0.0301
17/05/2013;0.0000
20/05/2013;0.0292
21/05/2013;0.0000
22/05/2013;0.0000
23/05/2013;0.0000
24/05/2013;0.0306
27/05/2013;0.0290
28/05/2013;0.0000
29/05/2013;0.0419
31/05/2013;0.0000
03/06/2013;0.0299
04/06/2013;0.0440
05/06/2013;0.0000
06/06/2013;0.0000
07/06/2013;0.0000
10/06/2013;0.0369
11/06/2013;0.0000
12/06/2013;0.0000
13/06/2013;0.0000
14/06/2013;0.0418
17/06/2013;0.0363
18/06/2013;0.0000
19/06/2013;0.0485
20/06/2013;0.0000
21/06/2013;0.0483
24/06/2013;0.0308
25/06/2013;0.0356
26/06/2013;0.0313
27/06/2013;0.0384
28/06/2013;0.0425
01/07/2013;0.0307
02/07/2013;0.0000
03/07/2013;0.0449
04/07/2013;0.0328
05/07/2013;0.0430
08/07/2013;0.0311
09/07/2013;0.0000
10/07/2013;0.0331
11/07/2013;0.0410
12/07/2013;0.0000
15/07/2013;0.0315
16/07/2013;0.0333
17/07/2013;0.0462
18/07/2013;0.0331
19/07/2013;0.0000
22/07/2013;0.0315
23/07/2013;0.0000
24/07/2013;0.0000
25/07/2013;0.0000
26/07/2013;0.0333
29/07/2013;0.0323
30/07/2013;0.0000
31/07/2013;0.0000
01/08/2013;0.0427
02/08/2013;0.0427
05/08/2013;0.0354
06/08/2013;0.0432
07/08/2013;0.0427
08/08/2013;0.0431
09/08/2013;0.0000
12/08/2013;0.0347
13/08/2013;0.0423
14/08/2013;0.0000
15/08/2013;0.0344
16/08/2013;0.0000
19/08/2013;0.0329
20/08/2013;0.0000
21/08/2013;0.0436
22/08/2013;0.0416
23/08/2013;0.0453
26/08/2013;0.0396
27/08/2013;0.0000
28/08/2013;0.0444
29/08/2013;0.0000
30/08/2013;0.0000
02/09/2013;0.0332
03/09/2013;0.0460
04/09/2013;0.0462
05/09/2013;0.0356
06/09/2013;0.0000
09/09/2013;0.0367
10/09/2013;0.0459
11/09/2013;0.0357
12/09/2013;0.0412
13/09/2013;0.0460
16/09/2013;0.0339
17/09/2013;0.0000
18/09/2013;0.0000
19/09/2013;0.0357
20/09/2013;0.0000
23/09/2013;0.0340
24/09/2013;0.0385
25/09/2013;0.0000
26/09/2013;0.0000
27/09/2013;0.0361
30/09/2013;0.0344
01/10/2013;0.0450
02/10/2013;0.0000
03/10/2013;0.0446
04/10/2013;0.0000
07/10/2013;0.0404
08/10/2013;0.0000
09/10/2013;0.0000
10/10/2013;0.0000
11/10/2013;0.0000
14/10/2013;0.0375
15/10/2013;0.0452
16/10/2013;0.0000
17/10/2013;0.0387
18/10/2013;0.0463
21/10/2013;0.0423
22/10/2013;0.0000
23/10/2013;0.0460
24/10/2013;0.0461
25/10/2013;0.0481
28/10/2013;0.0436
29/10/2013;0.0479
30/10/2013;0.0367
31/10/2013;0.0457
01/11/2013;0.0462
04/11/2013;0.0364
05/11/2013;0.0470
06/11/2013;0.0000
07/11/2013;0.0385
08/11/2013;0.0000
11/11/2013;0.0368
12/11/2013;0.0471
13/11/2013;0.0387
14/11/2013;0.0396
18/11/2013;0.0399
19/11/2013;0.0000
20/11/2013;0.0000
21/11/2013;0.0387
22/11/2013;0.0480
25/11/2013;0.0413
26/11/2013;0.0473
27/11/2013;0.0000
28/11/2013;0.0000
29/11/2013;0.0479
02/12/2013;0.0372
03/12/2013;0.0000
04/12/2013;0.0000
05/12/2013;0.0000
06/12/2013;0.0000
09/12/2013;0.0386
10/12/2013;0.0522
11/12/2013;0.0528
12/12/2013;0.0000
13/12/2013;0.0000
16/12/2013;0.0484
17/12/2013;0.0000
18/12/2013;0.0523
19/12/2013;0.0475
20/12/2013;0.0000
23/12/2013;0.0418
24/12/2013;0.0000
26/12/2013;0.0534
27/12/2013;0.0507
30/12/2013;0.0375
31/12/2013;0.0000
02/01/2014;0.0000
03/01/2014;0.0531
06/01/2014;0.0382
07/01/2014;0.0370
08/01/2014;0.0532
09/01/2014;0.0000
10/01/2014;0.0479
13/01/2014;0.0409
14/01/2014;0.0536
15/01/2014;0.0489
16/01/2014;0.0541
17/01/2014;0.0000
20/01/2014;0.0394
21/01/2014;0.0473
22/01/2014;0.0488
23/01/2014;0.0474
24/01/2014;0.0474
27/01/2014;0.0455
28/01/2014;0.0473
29/01/2014;0.0473
30/01/2014;0.0473
31/01/2014;0.0503
03/02/2014;0.0453
04/02/2014;0.0491
05/02/2014;0.0473
06/02/2014;0.0491
07/02/2014;0.0498
10/02/2014;0.0486
11/02/2014;0.0473
12/02/2014;0.0482
13/02/2014;0.0511
14/02/2014;0.0480
17/02/2014;0.0459
18/02/2014;0.0473
19/02/2014;0.0487
20/02/2014;0.0388
21/02/2014;0.0473
24/02/2014;0.0460
25/02/2014;0.0475
26/02/2014;0.0473
27/02/2014;0.0473
28/02/2014;0.0452
05/03/2014;0.0473
06/03/2014;0.0496
07/03/2014;0.0473
10/03/2014;0.0463
11/03/2014;0.0476
12/03/2014;0.0498
13/03/2014;0.0483
14/03/2014;0.0473
17/03/2014;0.0480
18/03/2014;0.0504
19/03/2014;0.0503
20/03/2014;0.0480
21/03/2014;0.0473
24/03/2014;0.0456
25/03/2014;0.0485
26/03/2014;0.0470
27/03/2014;0.0474
28/03/2014;0.0460
31/03/2014;0.0434
01/04/2014;0.0506
02/04/2014;0.0473
03/04/2014;0.0507
04/04/2014;0.0480
07/04/2014;0.0443
08/04/2014;0.0473
09/04/2014;0.0524
10/04/2014;0.0473
11/04/2014;0.0473
14/04/2014;0.0431
15/04/2014;0.0473
16/04/2014;0.0497
17/04/2014;0.0473
22/04/2014;0.0450
23/04/2014;0.0502
24/04/2014;0.0473
25/04/2014;0.0436
28/04/2014;0.0501
29/04/2014;0.0473
30/04/2014;0.0411
02/05/2014;0.0473
05/05/2014;0.0457
06/05/2014;0.0455
07/05/2014;0.0473
08/05/2014;0.0479
09/05/2014;0.0473
12/05/2014;0.0480
13/05/2014;0.0534
14/05/2014;0.0541
15/05/2014;0.0506
16/05/2014;0.0473
19/05/2014;0.0499
20/05/2014;0.0523
21/05/2014;0.0473
22/05/2014;0.0448
23/05/2014;0.0473
26/05/2014;0.0465
27/05/2014;0.0468
28/05/2014;0.0490
29/05/2014;0.0485
30/05/2014;0.0478
02/06/2014;0.0442
03/06/2014;0.0479
04/06/2014;0.0473
05/06/2014;0.0473
06/06/2014;0.0473
09/06/2014;0.0411
10/06/2014;0.0508
11/06/2014;0.0473
12/06/2014;0.0473
13/06/2014;0.0000
16/06/2014;0.0453
17/06/2014;0.0000
18/06/2014;0.0483
20/06/2014;0.0473
23/06/2014;0.0434
24/06/2014;0.0446
25/06/2014;0.0473
26/06/2014;0.0448
27/06/2014;0.0485
30/06/2014;0.0448
01/07/2014;0.0456
02/07/2014;0.0473
03/07/2014;0.0473
04/07/2014;0.0473
07/07/2014;0.0405
08/07/2014;0.0473
09/07/2014;0.0473
10/07/2014;0.0473
11/07/2014;0.0473
14/07/2014;0.0438
15/07/2014;0.0473
16/07/2014;0.0473
17/07/2014;0.0473
18/07/2014;0.0507
21/07/2014;0.0417
22/07/2014;0.0399
23/07/2014;0.0473
24/07/2014;0.0473
25/07/2014;0.0439
28/07/2014;0.0442
29/07/2014;0.0473
30/07/2014;0.0473
31/07/2014;0.0475
01/08/2014;0.0473
04/08/2014;0.0415
05/08/2014;0.0473
06/08/2014;0.0473
07/08/2014;0.0473
08/08/2014;0.0473
11/08/2014;0.0422
12/08/2014;0.0488
13/08/2014;0.0509
14/08/2014;0.0473
15/08/2014;0.0473
18/08/2014;0.0409
19/08/2014;0.0473
20/08/2014;0.0473
21/08/2014;0.0476
22/08/2014;0.0475
25/08/2014;0.0416
26/08/2014;0.0470
27/08/2014;0.0436
28/08/2014;0.0471
29/08/2014;0.0483
01/09/2014;0.0420
02/09/2014;0.0473
03/09/2014;0.0482
04/09/2014;0.0480
05/09/2014;0.0473
08/09/2014;0.0434
09/09/2014;0.0497
10/09/2014;0.0445
11/09/2014;0.0473
12/09/2014;0.0473
15/09/2014;0.0443
16/09/2014;0.0477
17/09/2014;0.0492
18/09/2014;0.0473
19/09/2014;0.0000
22/09/2014;0.0427
23/09/2014;0.0511
24/09/2014;0.0511
25/09/2014;0.0501
26/09/2014;0.0413
29/09/2014;0.0417
30/09/2014;0.0523
01/10/2014;0.0544
02/10/2014;0.0473
03/10/2014;0.0486
06/10/2014;0.0409
07/10/2014;0.0517
08/10/2014;0.0000
09/10/2014;0.0515
10/10/2014;0.0454
13/10/2014;0.0416
14/10/2014;0.0501
15/10/2014;0.0491
16/10/2014;0.0496
17/10/2014;0.0475
20/10/2014;0.0475
21/10/2014;0.0501
22/10/2014;0.0000
23/10/2014;0.0508
24/10/2014;0.0000
27/10/2014;0.0443
28/10/2014;0.0451
29/10/2014;0.0510
30/10/2014;0.0473
31/10/2014;0.0520
03/11/2014;0.0507
04/11/2014;0.0538
05/11/2014;0.0532
06/11/2014;0.0521
07/11/2014;0.0564
10/11/2014;0.0529
11/11/2014;0.0529
12/11/2014;0.0534
13/11/2014;0.0536
14/11/2014;0.0543
17/11/2014;0.0477
18/11/2014;0.0541
19/11/2014;0.0555
20/11/2014;0.0000
21/11/2014;0.0534
24/11/2014;0.0423
25/11/2014;0.0525
26/11/2014;0.0526
27/11/2014;0.0476
28/11/2014;0.0510
01/12/2014;0.0436
02/12/2014;0.0543
03/12/2014;0.0473
04/12/2014;0.0000
05/12/2014;0.0527
08/12/2014;0.0455
09/12/2014;0.0482
10/12/2014;0.0519
11/12/2014;0.0426
12/12/2014;0.0000
15/12/2014;0.0456
16/12/2014;0.0581
17/12/2014;0.0572
18/12/2014;0.0573
19/12/2014;0.0541
22/12/2014;0.0443
23/12/2014;0.0541
24/12/2014;0.0000
26/12/2014;0.0560
29/12/2014;0.0476
30/12/2014;0.0544
31/12/2014;0.0000
02/01/2015;0.0549
05/01/2015;0.0456
06/01/2015;0.0539
07/01/2015;0.0544
08/01/2015;0.0535
09/01/2015;0.0537
12/01/2015;0.0523
13/01/2015;0.0535
14/01/2015;0.0535
15/01/2015;0.0528
16/01/2015;0.0532
19/01/2015;0.0512
20/01/2015;0.0515
21/01/2015;0.0530
22/01/2015;0.0518
23/01/2015;0.0515
26/01/2015;0.0512
27/01/2015;0.0519
28/01/2015;0.0496
29/01/2015;0.0516
30/01/2015;0.0516
02/02/2015;0.0511
03/02/2015;0.0521
04/02/2015;0.0528
05/02/2015;0.0528
06/02/2015;0.0528
09/02/2015;0.0457
10/02/2015;0.0529
11/02/2015;0.0529
12/02/2015;0.0548
13/02/2015;0.0541
18/02/2015;0.0559
19/02/2015;0.0536
20/02/2015;0.0538
23/02/2015;0.0000
24/02/2015;0.0542
25/02/2015;0.0540
26/02/2015;0.0538
27/02/2015;0.0535
02/03/2015;0.0524
03/03/2015;0.0541
04/03/2015;0.0540
05/03/2015;0.0541
06/03/2015;0.0556
09/03/2015;0.0562
10/03/2015;0.0565
11/03/2015;0.0565
12/03/2015;0.0565
13/03/2015;0.0564
16/03/2015;0.0555
17/03/2015;0.0568
18/03/2015;0.0581
19/03/2015;0.0567
20/03/2015;0.0567
23/03/2015;0.0558
24/03/2015;0.0562
25/03/2015;0.0562
26/03/2015;0.0568
27/03/2015;0.0562
30/03/2015;0.0555
31/03/2015;0.0572
01/04/2015;0.0572
02/04/2015;0.0570
06/04/2015;0.0548
07/04/2015;0.0565
08/04/2015;0.0564
09/04/2015;0.0557
10/04/2015;0.0559
13/04/2015;0.0555
14/04/2015;0.0557
15/04/2015;0.0562
16/04/2015;0.0553
17/04/2015;0.0557
20/04/2015;0.0554
22/04/2015;0.0561
23/04/2015;0.0558
24/04/2015;0.0560
27/04/2015;0.0559
28/04/2015;0.0561
29/04/2015;0.0555
30/04/2015;0.0563
04/05/2015;0.0558
05/05/2015;0.0560
06/05/2015;0.0560
07/05/2015;0.0560
08/05/2015;0.0565
11/05/2015;0.0556
12/05/2015;0.0562
13/05/2015;0.0567
14/05/2015;0.0562
15/05/2015;0.0567
18/05/2015;0.0567
19/05/2015;0.0570
20/05/2015;0.0572
21/05/2015;0.0572
22/05/2015;0.0574
25/05/2015;0.0566
26/05/2015;0.0570
27/05/2015;0.0567
28/05/2015;0.0572
29/05/2015;0.0569
01/06/2015;0.0569
02/06/2015;0.0571
03/06/2015;0.0567
05/06/2015;0.0568
08/06/2015;0.0543
09/06/2015;0.0562
10/06/2015;0.0558
11/06/2015;0.0553
12/06/2015;0.0578
15/06/2015;0.0554
16/06/2015;0.0563
17/06/2015;0.0576
18/06/2015;0.0559
19/06/2015;0.0584
22/06/2015;0.0565
23/06/2015;0.0571
24/06/2015;0.0576
25/06/2015;0.0581
26/06/2015;0.0580
29/06/2015;0.0572
30/06/2015;0.0570
01/07/2015;0.0578
02/07/2015;0.0573
03/07/2015;0.0563
06/07/2015;0.0557
07/07/2015;0.0564
08/07/2015;0.0566
09/07/2015;0.0473
10/07/2015;0.0560
13/07/2015;0.0562
14/07/2015;0.0564
15/07/2015;0.0548
16/07/2015;0.0566
17/07/2015;0.0561
20/07/2015;0.0553
21/07/2015;0.0554
22/07/2015;0.0538
23/07/2015;0.0541
24/07/2015;0.0572
27/07/2015;0.0547
28/07/2015;0.0562
29/07/2015;0.0572
30/07/2015;0.0551
31/07/2015;0.0557
03/08/2015;0.0544
04/08/2015;0.0561
05/08/2015;0.0567
06/08/2015;0.0575
07/08/2015;0.0598
10/08/2015;0.0587
11/08/2015;0.0585
12/08/2015;0.0493
13/08/2015;0.0580
14/08/2015;0.0571
17/08/2015;0.0567
18/08/2015;0.0582
19/08/2015;0.0585
20/08/2015;0.0583
21/08/2015;0.0581
24/08/2015;0.0582
25/08/2015;0.0594
26/08/2015;0.0587
27/08/2015;0.0581
28/08/2015;0.0585
31/08/2015;0.0581
01/09/2015;0.0595
02/09/2015;0.0501
03/09/2015;0.0631
04/09/2015;0.0621
08/09/2015;0.0626
09/09/2015;0.0624
10/09/2015;0.0639
11/09/2015;0.0632
14/09/2015;0.0608
15/09/2015;0.0617
16/09/2015;0.0614
17/09/2015;0.0613
18/09/2015;0.0622
21/09/2015;0.0630
22/09/2015;0.0641
23/09/2015;0.0642
24/09/2015;0.0692
25/09/2015;0.0646
28/09/2015;0.0643
29/09/2015;0.0651
30/09/2015;0.0504
01/10/2015;0.0485
02/10/2015;0.0486
05/10/2015;0.0467
06/10/2015;0.0467
07/10/2015;0.0418
08/10/2015;0.0436
09/10/2015;0.0623
13/10/2015;0.0464
14/10/2015;0.0493
15/10/2015;0.0475
16/10/2015;0.0497
19/10/2015;0.0486
20/10/2015;0.0496
21/10/2015;0.0470
22/10/2015;0.0480
23/10/2015;0.0471
26/10/2015;0.0476
27/10/2015;0.0482
28/10/2015;0.0482
29/10/2015;0.0486
30/10/2015;0.0490
03/11/2015;0.0470
04/11/2015;0.0493
05/11/2015;0.0479
06/11/2015;0.0483
09/11/2015;0.0497
10/11/2015;0.0529
11/11/2015;0.0444
12/11/2015;0.0453
13/11/2015;0.0472
16/11/2015;0.0476
17/11/2015;0.0500
18/11/2015;0.0501
19/11/2015;0.0504
20/11/2015;0.0000
23/11/2015;0.0503
24/11/2015;0.0456
25/11/2015;0.0459
26/11/2015;0.0473
27/11/2015;0.0513
30/11/2015;0.0539
01/12/2015;0.0546
02/12/2015;0.0516
03/12/2015;0.0525
04/12/2015;0.0497
07/12/2015;0.0492
08/12/2015;0.0483
09/12/2015;0.0476
10/12/2015;0.0448
11/12/2015;0.0509
14/12/2015;0.0532
15/12/2015;0.0538
16/12/2015;0.0415
17/12/2015;0.0511
18/12/2015;0.0455
21/12/2015;0.0517
22/12/2015;0.0546
23/12/2015;0.0586
24/12/2015;0.0000
28/12/2015;0.0519
29/12/2015;0.0497
30/12/2015;0.0491
31/12/2015;0.0000
04/01/2016;0.0488
05/01/2016;0.0516
06/01/2016;0.0511
07/01/2016;0.0489
08/01/2016;0.0504
11/01/2016;0.0523
12/01/2016;0.0504
13/01/2016;0.0498
14/01/2016;0.0516
15/01/2016;0.0000
18/01/2016;0.0479
19/01/2016;0.0471
20/01/2016;0.0557
21/01/2016;0.0576
22/01/2016;0.0549
25/01/2016;0.0000
26/01/2016;0.0555
27/01/2016;0.0493
28/01/2016;0.0499
29/01/2016;0.0488
01/02/2016;0.0485
02/02/2016;0.0450
03/02/2016;0.0471
04/02/2016;0.0503
05/02/2016;0.0648
10/02/2016;0.0390
11/02/2016;0.0520
12/02/2016;0.0509
15/02/2016;0.0496
16/02/2016;0.0504
17/02/2016;0.0523
18/02/2016;0.0528
19/02/2016;0.0542
22/02/2016;0.0515
23/02/2016;0.0474
24/02/2016;0.0488
25/02/2016;0.0465
26/02/2016;0.0482
29/02/2016;0.0511
01/03/2016;0.0482
02/03/2016;0.0442
03/03/2016;0.0446
04/03/2016;0.0441
07/03/2016;0.0437
08/03/2016;0.0429
09/03/2016;0.0421
10/03/2016;0.0407
11/03/2016;0.0436
14/03/2016;0.0405
15/03/2016;0.0412
16/03/2016;0.0439
17/03/2016;0.0423
18/03/2016;0.0356
21/03/2016;0.0411
22/03/2016;0.0406
23/03/2016;0.0430
24/03/2016;0.0464
28/03/2016;0.0484
29/03/2016;0.0475
30/03/2016;0.0469
31/03/2016;0.0458
01/04/2016;0.0463
04/04/2016;0.0435
05/04/2016;0.0460
06/04/2016;0.0402
07/04/2016;0.0400
08/04/2016;0.0406
11/04/2016;0.0438
12/04/2016;0.0420
13/04/2016;0.0407
14/04/2016;0.0410
15/04/2016;0.0409
18/04/2016;0.0397
19/04/2016;0.0401
20/04/2016;0.0441
22/04/2016;0.0515
25/04/2016;0.0422
26/04/2016;0.0418
27/04/2016;0.0400
28/04/2016;0.0401
29/04/2016;0.0411
02/05/2016;0.0392
03/05/2016;0.0397
04/05/2016;0.0405
05/05/2016;0.0398
06/05/2016;0.0407
09/05/2016;0.0396
10/05/2016;0.0416
11/05/2016;0.0443
12/05/2016;0.0422
13/05/2016;0.0412
16/05/2016;0.0420
17/05/2016;0.0410
18/05/2016;0.0426
19/05/2016;0.0421
20/05/2016;0.0413
23/05/2016;0.0399
24/05/2016;0.0406
25/05/2016;0.0429
27/05/2016;0.0542
30/05/2016;0.0416
31/05/2016;0.0391
01/06/2016;0.0404
02/06/2016;0.0396
03/06/2016;0.0396
06/06/2016;0.0395
07/06/2016;0.0386
08/06/2016;0.0385
09/06/2016;0.0385
10/06/2016;0.0419
13/06/2016;0.0413
14/06/2016;0.0420
15/06/2016;0.0534
16/06/2016;0.0437
17/06/2016;0.0439
20/06/2016;0.0410
21/06/2016;0.0417
22/06/2016;0.0398
23/06/2016;0.0409
24/06/2016;0.0399
27/06/2016;0.0405
28/06/2016;0.0393
29/06/2016;0.0390
30/06/2016;0.0431
01/07/2016;0.0430
04/07/2016;0.0400
05/07/2016;0.0439
06/07/2016;0.0435
07/07/2016;0.0466
08/07/2016;0.0426
11/07/2016;0.0387
12/07/2016;0.0387
13/07/2016;0.0384
14/07/2016;0.0373
15/07/2016;0.0394
18/07/2016;0.0525
19/07/2016;0.0404
20/07/2016;0.0395
21/07/2016;0.0396
22/07/2016;0.0527
25/07/2016;0.0528
26/07/2016;0.0400
27/07/2016;0.0395
28/07/2016;0.0386
29/07/2016;0.0399
01/08/2016;0.0389
02/08/2016;0.0396
03/08/2016;0.0393
04/08/2016;0.0426
05/08/2016;0.0524
08/08/2016;0.0522
09/08/2016;0.0446
10/08/2016;0.0420
11/08/2016;0.0420
12/08/2016;0.0438
15/08/2016;0.0442
16/08/2016;0.0426
17/08/2016;0.0443
18/08/2016;0.0418
19/08/2016;0.0440
22/08/2016;0.0438
23/08/2016;0.0410
24/08/2016;0.0421
25/08/2016;0.0413
26/08/2016;0.0403
29/08/2016;0.0419
30/08/2016;0.0404
31/08/2016;0.0397
01/09/2016;0.0382
02/09/2016;0.0381
05/09/2016;0.0417
06/09/2016;0.0388
08/09/2016;0.0375
09/09/2016;0.0392
12/09/2016;0.0380
13/09/2016;0.0416
14/09/2016;0.0411
15/09/2016;0.0393
16/09/2016;0.0390
19/09/2016;0.0419
20/09/2016;0.0404
21/09/2016;0.0400
22/09/2016;0.0389
23/09/2016;0.0398
26/09/2016;0.0398
27/09/2016;0.0394
28/09/2016;0.0389
29/09/2016;0.0387
30/09/2016;0.0389
03/10/2016;0.0415
04/10/2016;0.0380
05/10/2016;0.0428
06/10/2016;0.0387
07/10/2016;0.0386
10/10/2016;0.0375
11/10/2016;0.0379
13/10/2016;0.0379
14/10/2016;0.0416
17/10/2016;0.0399
18/10/2016;0.0395
19/10/2016;0.0397
20/10/2016;0.0403
21/10/2016;0.0392
24/10/2016;0.0402
25/10/2016;0.0423
26/10/2016;0.0395
27/10/2016;0.0410
28/10/2016;0.0394
31/10/2016;0.0403
01/11/2016;0.0401
03/11/2016;0.0430
04/11/2016;0.0441
07/11/2016;0.0399
08/11/2016;0.0393
09/11/2016;0.0383
10/11/2016;0.0396
11/11/2016;0.0416
14/11/2016;0.0520
16/11/2016;0.0409
17/11/2016;0.0398
18/11/2016;0.0407
21/11/2016;0.0392
22/11/2016;0.0383
23/11/2016;0.0383
24/11/2016;0.0381
25/11/2016;0.0385
28/11/2016;0.0505
29/11/2016;0.0504
30/11/2016;0.0498
01/12/2016;0.0497
02/12/2016;0.0525
05/12/2016;0.0402
06/12/2016;0.0409
07/12/2016;0.0412
08/12/2016;0.0402
09/12/2016;0.0394
12/12/2016;0.0404
13/12/2016;0.0404
14/12/2016;0.0410
15/12/2016;0.0427
16/12/2016;0.0402
19/12/2016;0.0408
20/12/2016;0.0405
21/12/2016;0.0399
22/12/2016;0.0396
23/12/2016;0.0485
26/12/2016;0.0378
27/12/2016;0.0381
28/12/2016;0.0374
29/12/2016;0.0389
30/12/2016;0.0000
02/01/2017;0.0372
03/01/2017;0.0418
04/01/2017;0.0389
05/01/2017;0.0389
06/01/2017;0.0388
09/01/2017;0.0395
10/01/2017;0.0406
11/01/2017;0.0396
12/01/2017;0.0391
13/01/2017;0.0390
16/01/2017;0.0360
17/01/2017;0.0450
18/01/2017;0.0460
19/01/2017;0.0375
20/01/2017;0.0383
23/01/2017;0.0376
24/01/2017;0.0451
25/01/2017;0.0508
26/01/2017;0.0364
27/01/2017;0.0367
30/01/2017;0.0354
31/01/2017;0.0365
01/02/2017;0.0354
02/02/2017;0.0355
03/02/2017;0.0386
06/02/2017;0.0367
07/02/2017;0.0357
08/02/2017;0.0359
09/02/2017;0.0353
10/02/2017;0.0356
13/02/2017;0.0366
14/02/2017;0.0369
15/02/2017;0.0362
16/02/2017;0.0352
17/02/2017;0.0361
20/02/2017;0.0355
21/02/2017;0.0356
22/02/2017;0.0365
23/02/2017;0.0346
24/02/2017;0.0353
01/03/2017;0.0318
02/03/2017;0.0341
03/03/2017;0.0354
06/03/2017;0.0324
07/03/2017;0.0327
08/03/2017;0.0327
09/03/2017;0.0329
10/03/2017;0.0331
13/03/2017;0.0329
14/03/2017;0.0327
15/03/2017;0.0324
16/03/2017;0.0324
17/03/2017;0.0353
20/03/2017;0.0332
21/03/2017;0.0334
22/03/2017;0.0326
23/03/2017;0.0340
24/03/2017;0.0336
27/03/2017;0.0328
28/03/2017;0.0327
29/03/2017;0.0325
30/03/2017;0.0324
31/03/2017;0.0326
03/04/2017;0.0328
04/04/2017;0.0323
05/04/2017;0.0325
06/04/2017;0.0323
07/04/2017;0.0328
10/04/2017;0.0336
11/04/2017;0.0331
12/04/2017;0.0325
13/04/2017;0.0330
17/04/2017;0.0322
18/04/2017;0.0312
19/04/2017;0.0307
20/04/2017;0.0336
24/04/2017;0.0312
25/04/2017;0.0314
26/04/2017;0.0316
27/04/2017;0.0317
28/04/2017;0.0310
02/05/2017;0.0311
03/05/2017;0.0307
04/05/2017;0.0312
05/05/2017;0.0309
08/05/2017;0.0317
09/05/2017;0.0309
10/05/2017;0.0312
11/05/2017;0.0301
12/05/2017;0.0305
15/05/2017;0.0308
16/05/2017;0.0308
17/05/2017;0.0311
18/05/2017;0.0287
19/05/2017;0.0310
22/05/2017;0.0329
23/05/2017;0.0337
24/05/2017;0.0354
25/05/2017;0.0327
26/05/2017;0.0324
29/05/2017;0.0318
30/05/2017;0.0322
31/05/2017;0.0329
01/06/2017;0.0301
02/06/2017;0.0303
05/06/2017;0.0304
06/06/2017;0.0308
07/06/2017;0.0302
08/06/2017;0.0306
09/06/2017;0.0303
12/06/2017;0.0300
13/06/2017;0.0299
14/06/2017;0.0309
16/06/2017;0.0294
19/06/2017;0.0297
20/06/2017;0.0294
21/06/2017;0.0294
22/06/2017;0.0317
23/06/2017;0.0297
26/06/2017;0.0300
27/06/2017;0.0288
28/06/2017;0.0308
29/06/2017;0.0291
30/06/2017;0.0294
03/07/2017;0.0307
04/07/2017;0.0293
05/07/2017;0.0298
06/07/2017;0.0305
07/07/2017;0.0302
10/07/2017;0.0287
11/07/2017;0.0298
12/07/2017;0.0300
13/07/2017;0.0296
14/07/2017;0.0300
17/07/2017;0.0317
18/07/2017;0.0306
19/07/2017;0.0322
20/07/2017;0.0404
21/07/2017;0.0286
24/07/2017;0.0292
25/07/2017;0.0305
26/07/2017;0.0289
27/07/2017;0.0261
28/07/2017;0.0261
31/07/2017;0.0266
01/08/2017;0.0267
02/08/2017;0.0257
03/08/2017;0.0261
04/08/2017;0.0260
07/08/2017;0.0257
08/08/2017;0.0273
09/08/2017;0.0265
10/08/2017;0.0267
11/08/2017;0.0277
14/08/2017;0.0268
15/08/2017;0.0275
16/08/2017;0.0260
17/08/2017;0.0267
18/08/2017;0.0266
21/08/2017;0.0275
22/08/2017;0.0284
23/08/2017;0.0275
24/08/2017;0.0310
25/08/2017;0.0270
28/08/2017;0.0300
29/08/2017;0.0268
30/08/2017;0.0279
31/08/2017;0.0273
01/09/2017;0.0267
04/09/2017;0.0293
05/09/2017;0.0269
06/09/2017;0.0279
08/09/2017;0.0253
11/09/2017;0.0255
12/09/2017;0.0256
13/09/2017;0.0276
14/09/2017;0.0258
15/09/2017;0.0261
18/09/2017;0.0278
19/09/2017;0.0258
20/09/2017;0.0260
21/09/2017;0.0240
22/09/2017;0.0239
25/09/2017;0.0251
26/09/2017;0.0249
27/09/2017;0.0241
28/09/2017;0.0243
29/09/2017;0.0291
02/10/2017;0.0261
03/10/2017;0.0292
04/10/2017;0.0248
05/10/2017;0.0249
06/10/2017;0.0311
09/10/2017;0.0288
10/10/2017;0.0286
11/10/2017;0.0239
13/10/2017;0.0237
16/10/2017;0.0249
17/10/2017;0.0254
18/10/2017;0.0240
19/10/2017;0.0240
20/10/2017;0.0248
23/10/2017;0.0245
24/10/2017;0.0243
25/10/2017;0.0259
26/10/2017;0.0231
27/10/2017;0.0254
30/10/2017;0.0243
31/10/2017;0.0325
01/11/2017;0.0242
03/11/2017;0.0231
06/11/2017;0.0251
07/11/2017;0.0246
08/11/2017;0.0242
09/11/2017;0.0238
10/11/2017;0.0245
13/11/2017;0.0238
14/11/2017;0.0234
16/11/2017;0.0242
17/11/2017;0.0258
20/11/2017;0.0000
21/11/2017;0.0246
22/11/2017;0.0249
23/11/2017;0.0229
24/11/2017;0.0240
27/11/2017;0.0243
28/11/2017;0.0309
29/11/2017;0.0242
30/11/2017;0.0315
01/12/2017;0.0246
04/12/2017;0.0242
05/12/2017;0.0248
06/12/2017;0.0243
07/12/2017;0.0217
08/12/2017;0.0230
11/12/2017;0.0233
12/12/2017;0.0239
13/12/2017;0.0244
14/12/2017;0.0235
15/12/2017;0.0238
18/12/2017;0.0240
19/12/2017;0.0262
20/12/2017;0.0249
21/12/2017;0.0247
22/12/2017;0.0256
26/12/2017;0.0246
27/12/2017;0.0243
28/12/2017;0.0257
29/12/2017;0.0000
02/01/2018;0.0258
03/01/2018;0.0383
04/01/2018;0.0255
05/01/2018;0.0256
08/01/2018;0.0259
09/01/2018;0.0250
10/01/2018;0.0243
11/01/2018;0.0238
12/01/2018;0.0240
15/01/2018;0.0245
16/01/2018;0.0243
17/01/2018;0.0233
18/01/2018;0.0237
19/01/2018;0.0231
22/01/2018;0.0236
23/01/2018;0.0234
24/01/2018;0.0243
25/01/2018;0.0468
26/01/2018;0.0245
29/01/2018;0.0235
30/01/2018;0.0242
31/01/2018;0.0221
01/02/2018;0.0220
02/02/2018;0.0233
05/02/2018;0.0230
06/02/2018;0.0226
07/02/2018;0.0227
08/02/2018;0.0225
09/02/2018;0.0229
14/02/2018;0.0194
15/02/2018;0.0235
16/02/2018;0.0231
19/02/2018;0.0231
20/02/2018;0.0230
21/02/2018;0.0232
22/02/2018;0.0233
23/02/2018;0.0224
26/02/2018;0.0228
27/02/2018;0.0220
28/02/2018;0.0222
01/03/2018;0.0243
02/03/2018;0.0235
05/03/2018;0.0218
06/03/2018;0.0217
07/03/2018;0.0222
08/03/2018;0.0216
09/03/2018;0.0296
12/03/2018;0.0203
13/03/2018;0.0216
14/03/2018;0.0209
15/03/2018;0.0219
16/03/2018;0.0214
19/03/2018;0.0209
20/03/2018;0.0212
21/03/2018;0.0223
22/03/2018;0.0206
23/03/2018;0.0221
26/03/2018;0.0212
27/03/2018;0.0216
28/03/2018;0.0212
29/03/2018;0.0215
02/04/2018;0.0211
03/04/2018;0.0198
04/04/2018;0.0197
05/04/2018;0.0194
06/04/2018;0.0212
09/04/2018;0.0230
10/04/2018;0.0230
11/04/2018;0.0210
12/04/2018;0.0217
13/04/2018;0.0215
16/04/2018;0.0322
17/04/2018;0.0339
18/04/2018;0.0338
19/04/2018;0.0314
20/04/2018;0.0312
23/04/2018;0.0390
24/04/2018;0.0391
25/04/2018;0.0353
26/04/2018;0.0335
27/04/2018;0.0317
30/04/2018;0.0268
02/05/2018;0.0270
03/05/2018;0.0315
04/05/2018;0.0277
07/05/2018;0.0258
08/05/2018;0.0265
09/05/2018;0.0252
10/05/2018;0.0292
11/05/2018;0.0247
14/05/2018;0.0329
15/05/2018;0.0443
16/05/2018;0.0411
17/05/2018;0.0358
18/05/2018;0.0329
21/05/2018;0.0359
22/05/2018;0.0333
23/05/2018;0.0289
24/05/2018;0.0271
25/05/2018;0.0421
28/05/2018;0.0355
29/05/2018;0.0369
30/05/2018;0.0375
01/06/2018;0.0378
04/06/2018;0.0440
05/06/2018;0.0446
06/06/2018;0.0363
07/06/2018;0.0342
08/06/2018;0.0379
11/06/2018;0.0302
12/06/2018;0.0318
13/06/2018;0.0298
14/06/2018;0.0328
15/06/2018;0.0459
18/06/2018;0.0344
19/06/2018;0.0339
20/06/2018;0.0340
21/06/2018;0.0343
22/06/2018;0.0461
25/06/2018;0.0453
26/06/2018;0.0454
27/06/2018;0.0455
28/06/2018;0.0425
29/06/2018;0.0453
02/07/2018;0.0451
03/07/2018;0.0386
04/07/2018;0.0330
05/07/2018;0.0326
06/07/2018;0.0362
09/07/2018;0.0000
10/07/2018;0.0436
11/07/2018;0.0438
12/07/2018;0.0319
13/07/2018;0.0298
16/07/2018;0.0333
17/07/2018;0.0328
18/07/2018;0.0364
19/07/2018;0.0297
20/07/2018;0.0301
23/07/2018;0.0363
24/07/2018;0.0347
25/07/2018;0.0365
26/07/2018;0.0314
27/07/2018;0.0368
30/07/2018;0.0422
31/07/2018;0.0429
01/08/2018;0.0400
02/08/2018;0.0466
03/08/2018;0.0424
06/08/2018;0.0417
07/08/2018;0.0366
08/08/2018;0.0432
09/08/2018;0.0313
10/08/2018;0.0377
13/08/2018;0.0408
14/08/2018;0.0451
15/08/2018;0.0418
16/08/2018;0.0379
17/08/2018;0.0434
20/08/2018;0.0447
21/08/2018;0.0449
22/08/2018;0.0485
23/08/2018;0.0456
24/08/2018;0.0458
27/08/2018;0.0458
28/08/2018;0.0451
29/08/2018;0.0456
30/08/2018;0.0475
31/08/2018;0.0475
03/09/2018;0.0484
04/09/2018;0.0491
05/09/2018;0.0490
06/09/2018;0.0462
10/09/2018;0.0385
11/09/2018;0.0381
12/09/2018;0.0393
13/09/2018;0.0361
14/09/2018;0.0380
17/09/2018;0.0397
18/09/2018;0.0406
19/09/2018;0.0479
20/09/2018;0.0319
21/09/2018;0.0294
24/09/2018;0.0328
25/09/2018;0.0356
26/09/2018;0.0345
27/09/2018;0.0302
28/09/2018;0.0302
01/10/2018;0.0300
02/10/2018;0.0294
03/10/2018;0.0285
04/10/2018;0.0296
05/10/2018;0.0278
08/10/2018;0.0287
09/10/2018;0.0289
10/10/2018;0.0284
11/10/2018;0.0277
15/10/2018;0.0306
16/10/2018;0.0287
17/10/2018;0.0255
18/10/2018;0.0246
19/10/2018;0.0258
22/10/2018;0.0327
23/10/2018;0.0316
24/10/2018;0.0238
25/10/2018;0.0267
26/10/2018;0.0264
29/10/2018;0.0262
30/10/2018;0.0262
31/10/2018;0.0241
01/11/2018;0.0231
05/11/2018;0.0257
06/11/2018;0.0264
07/11/2018;0.0240
08/11/2018;0.0233
09/11/2018;0.0227
12/11/2018;0.0224
13/11/2018;0.0220
14/11/2018;0.0265
16/11/2018;0.0207
19/11/2018;0.0201
20/11/2018;0.0274
21/11/2018;0.0273
22/11/2018;0.0237
23/11/2018;0.0222
26/11/2018;0.0271
27/11/2018;0.0215
28/11/2018;0.0189
29/11/2018;0.0259
30/11/2018;0.0230
03/12/2018;0.0188
04/12/2018;0.0191
05/12/2018;0.0194
06/12/2018;0.0197
07/12/2018;0.0184
10/12/2018;0.0186
11/12/2018;0.0184
12/12/2018;0.0183
13/12/2018;0.0170
14/12/2018;0.0177
17/12/2018;0.0187
18/12/2018;0.0177
19/12/2018;0.0196
20/12/2018;0.0191
21/12/2018;0.0194
24/12/2018;0.0000
26/12/2018;0.0189
27/12/2018;0.0216
28/12/2018;0.0197
31/12/2018;0.0000
02/01/2019;0.0330
03/01/2019;0.0178
04/01/2019;0.0171
07/01/2019;0.0180
08/01/2019;0.0176
09/01/2019;0.0170
10/01/2019;0.0186
11/01/2019;0.0179
14/01/2019;0.0175
15/01/2019;0.0164
16/01/2019;0.0180
17/01/2019;0.0188
18/01/2019;0.0176
21/01/2019;0.0199
22/01/2019;0.0179
23/01/2019;0.0218
24/01/2019;0.0212
25/01/2019;0.0000
28/01/2019;0.0297
29/01/2019;0.0335
30/01/2019;0.0347
31/01/2019;0.0290
01/02/2019;0.0209
04/02/2019;0.0183
05/02/2019;0.0175
06/02/2019;0.0182
07/02/2019;0.0182
08/02/2019;0.0184
11/02/2019;0.0215
12/02/2019;0.0201
13/02/2019;0.0175
14/02/2019;0.0193
15/02/2019;0.0176
18/02/2019;0.0176
19/02/2019;0.0180
20/02/2019;0.0176
21/02/2019;0.0179
22/02/2019;0.0183
25/02/2019;0.0180
26/02/2019;0.0180
27/02/2019;0.0180
28/02/2019;0.0184
01/03/2019;0.0192
06/03/2019;0.0160
07/03/2019;0.0295
08/03/2019;0.0269
11/03/2019;0.0245
12/03/2019;0.0197
13/03/2019;0.0199
14/03/2019;0.0184
15/03/2019;0.0181
18/03/2019;0.0175
19/03/2019;0.0170
20/03/2019;0.0169
21/03/2019;0.0177
22/03/2019;0.0181
25/03/2019;0.0206
26/03/2019;0.0189
27/03/2019;0.0203
28/03/2019;0.0252
29/03/2019;0.0180
01/04/2019;0.0200
02/04/2019;0.0184
03/04/2019;0.0171
04/04/2019;0.0212
05/04/2019;0.0245
08/04/2019;0.0175
09/04/2019;0.0183
10/04/2019;0.0203
11/04/2019;0.0183
12/04/2019;0.0201
15/04/2019;0.0274
16/04/2019;0.0298
17/04/2019;0.0289
18/04/2019;0.0302
22/04/2019;0.0244
23/04/2019;0.0225
24/04/2019;0.0196
25/04/2019;0.0256
26/04/2019;0.0201
29/04/2019;0.0182
30/04/2019;0.0180
02/05/2019;0.0193
03/05/2019;0.0193
06/05/2019;0.0177
07/05/2019;0.0188
08/05/2019;0.0242
09/05/2019;0.0183
10/05/2019;0.0182
13/05/2019;0.0177
14/05/2019;0.0203
15/05/2019;0.0227
16/05/2019;0.0227
17/05/2019;0.0224
20/05/2019;0.0273
21/05/2019;0.0262
22/05/2019;0.0219
23/05/2019;0.0342
24/05/2019;0.0313
27/05/2019;0.0252
28/05/2019;0.0249
29/05/2019;0.0221
30/05/2019;0.0249
31/05/2019;0.0211
03/06/2019;0.0210
04/06/2019;0.0179
05/06/2019;0.0169
06/06/2019;0.0294
07/06/2019;0.0256
10/06/2019;0.0296
11/06/2019;0.0303
12/06/2019;0.0285
13/06/2019;0.0246
14/06/2019;0.0289
17/06/2019;0.0258
18/06/2019;0.0255
19/06/2019;0.0258
21/06/2019;0.0278
24/06/2019;0.0255
25/06/2019;0.0300
26/06/2019;0.0277
27/06/2019;0.0238
28/06/2019;0.0183
01/07/2019;0.0152
02/07/2019;0.0162
03/07/2019;0.0169
04/07/2019;0.0162
05/07/2019;0.0218
08/07/2019;0.0157
09/07/2019;0.0260
10/07/2019;0.0212
11/07/2019;0.0204
12/07/2019;0.0156
15/07/2019;0.0167
16/07/2019;0.0253
17/07/2019;0.0192
18/07/2019;0.0253
19/07/2019;0.0209
22/07/2019;0.0259
23/07/2019;0.0220
24/07/2019;0.0236
25/07/2019;0.0218
26/07/2019;0.0154
29/07/2019;0.0156
30/07/2019;0.0160
31/07/2019;0.0157
01/08/2019;0.0208
02/08/2019;0.0170
05/08/2019;0.0163
06/08/2019;0.0159
07/08/2019;0.0171
08/08/2019;0.0158
09/08/2019;0.0160
12/08/2019;0.0169
13/08/2019;0.0166
14/08/2019;0.0166
15/08/2019;0.0160
16/08/2019;0.0209
19/08/2019;0.0166
20/08/2019;0.0167
21/08/2019;0.0166
22/08/2019;0.0162
23/08/2019;0.0169
26/08/2019;0.0206
27/08/2019;0.0170
28/08/2019;0.0177
29/08/2019;0.0166
30/08/2019;0.0178
02/09/2019;0.0178
03/09/2019;0.0180
04/09/2019;0.0168
05/09/2019;0.0169
06/09/2019;0.0199
09/09/2019;0.0180
10/09/2019;0.0166
11/09/2019;0.0165
12/09/2019;0.0162
13/09/2019;0.0182
16/09/2019;0.0173
17/09/2019;0.0188
18/09/2019;0.0191
19/09/2019;0.0167
20/09/2019;0.0177
23/09/2019;0.0172
24/09/2019;0.0177
25/09/2019;0.0170
26/09/2019;0.0164
27/09/2019;0.0165
30/09/2019;0.0174
01/10/2019;0.0198
02/10/2019;0.0191
03/10/2019;0.0203
04/10/2019;0.0183
07/10/2019;0.0152
08/10/2019;0.0188
09/10/2019;0.0185
10/10/2019;0.0185
11/10/2019;0.0178
14/10/2019;0.0174
15/10/2019;0.0180
16/10/2019;0.0174
17/10/2019;0.0175
18/10/2019;0.0179
21/10/2019;0.0183
22/10/2019;0.0175
23/10/2019;0.0170
24/10/2019;0.0168
25/10/2019;0.0168
28/10/2019;0.0166
29/10/2019;0.0172
30/10/2019;0.0173
31/10/2019;0.0273
01/11/2019;0.0172
04/11/2019;0.0165
05/11/2019;0.0164
06/11/2019;0.0164
07/11/2019;0.0166
08/11/2019;0.0175
11/11/2019;0.0177
12/11/2019;0.0181
13/11/2019;0.0176
14/11/2019;0.0227
18/11/2019;0.0178
19/11/2019;0.0172
20/11/2019;0.0307
21/11/2019;0.0194
22/11/2019;0.0212
25/11/2019;0.0199
26/11/2019;0.0211
27/11/2019;0.0192
28/11/2019;0.0199
29/11/2019;0.0282
02/12/2019;0.0226
03/12/2019;0.0222
04/12/2019;0.0216
05/12/2019;0.0216
06/12/2019;0.0216
09/12/2019;0.0209
10/12/2019;0.0213
11/12/2019;0.0209
12/12/2019;0.0211
13/12/2019;0.0212
16/12/2019;0.0209
17/12/2019;0.0196
18/12/2019;0.0204
19/12/2019;0.0194
20/12/2019;0.0249
23/12/2019;0.0282
24/12/2019;0.0000
26/12/2019;0.0218
27/12/2019;0.0215
30/12/2019;0.0231
31/12/2019;0.0000
02/01/2020;0.0163
03/01/2020;0.0189
06/01/2020;0.0170
07/01/2020;0.0189
08/01/2020;0.0191
09/01/2020;0.0185
10/01/2020;0.0180
13/01/2020;0.0190
14/01/2020;0.0195
15/01/2020;0.0190
16/01/2020;0.0194
17/01/2020;0.0188
20/01/2020;0.0193
21/01/2020;0.0193
22/01/2020;0.0186
23/01/2020;0.0189
24/01/2020;0.0185
27/01/2020;0.0188
28/01/2020;0.0271
29/01/2020;0.0285
30/01/2020;0.0262
31/01/2020;0.0269
03/02/2020;0.0269
04/02/2020;0.0261
05/02/2020;0.0218
06/02/2020;0.0237
07/02/2020;0.0212
10/02/2020;0.0225
11/02/2020;0.0207
12/02/2020;0.0172
13/02/2020;0.0204
14/02/2020;0.0303
17/02/2020;0.0205
18/02/2020;0.0287
19/02/2020;0.0199
20/02/2020;0.0183
21/02/2020;0.0228
26/02/2020;0.0227
27/02/2020;0.0205
28/02/2020;0.0197
02/03/2020;0.0172
03/03/2020;0.0180
04/03/2020;0.0185
05/03/2020;0.0175
06/03/2020;0.0185
09/03/2020;0.0193
10/03/2020;0.0186
11/03/2020;0.0149
12/03/2020;0.0153
13/03/2020;0.0293
16/03/2020;0.0273
17/03/2020;0.0303
18/03/2020;0.0327
19/03/2020;0.0364
20/03/2020;0.0351
23/03/2020;0.0289
24/03/2020;0.0362
25/03/2020;0.0367
26/03/2020;0.0339
27/03/2020;0.0259
30/03/2020;0.0271
31/03/2020;0.0265
01/04/2020;0.0254
02/04/2020;0.0267
03/04/2020;0.0278
06/04/2020;0.0266
07/04/2020;0.0307
08/04/2020;0.0310
09/04/2020;0.0307
13/04/2020;0.0272
14/04/2020;0.0296
15/04/2020;0.0286
16/04/2020;0.0308
17/04/2020;0.0292
20/04/2020;0.0280
22/04/2020;0.0211
23/04/2020;0.0306
24/04/2020;0.0332
27/04/2020;0.0345
28/04/2020;0.0362
29/04/2020;0.0292
30/04/2020;0.0225
04/05/2020;0.0241
05/05/2020;0.0281
06/05/2020;0.0295
07/05/2020;0.0299
08/05/2020;0.0338
11/05/2020;0.0280
12/05/2020;0.0317
13/05/2020;0.0322
14/05/2020;0.0309
15/05/2020;0.0319
18/05/2020;0.0318
19/05/2020;0.0325
20/05/2020;0.0319
21/05/2020;0.0310
22/05/2020;0.0305
25/05/2020;0.0278
26/05/2020;0.0320
27/05/2020;0.0234
28/05/2020;0.0283
29/05/2020;0.0307
01/06/2020;0.0222
02/06/2020;0.0300
03/06/2020;0.0257
04/06/2020;0.0276
05/06/2020;0.0186
08/06/2020;0.0175
09/06/2020;0.0168
10/06/2020;0.0212
12/06/2020;0.0207
15/06/2020;0.0210
16/06/2020;0.0254
17/06/2020;0.0196
18/06/2020;0.0258
19/06/2020;0.0239
22/06/2020;0.0244
23/06/2020;0.0269
24/06/2020;0.0262
25/06/2020;0.0280
26/06/2020;0.0233
29/06/2020;0.0255
30/06/2020;0.0258
01/07/2020;0.0281
02/07/2020;0.0254
03/07/2020;0.0196
06/07/2020;0.0193
07/07/2020;0.0205
08/07/2020;0.0154
09/07/2020;0.0226
10/07/2020;0.0168
13/07/2020;0.0168
14/07/2020;0.0168
15/07/2020;0.0163
16/07/2020;0.0185
17/07/2020;0.0197
20/07/2020;0.0195
21/07/2020;0.0206
22/07/2020;0.0188
23/07/2020;0.0192
24/07/2020;0.0182
27/07/2020;0.0167
28/07/2020;0.0205
29/07/2020;0.0213
30/07/2020;0.0191
31/07/2020;0.0199
03/08/2020;0.0163
04/08/2020;0.0209
05/08/2020;0.0227
06/08/2020;0.0255
07/08/2020;0.0256
10/08/2020;0.0199
11/08/2020;0.0235
12/08/2020;0.0241
13/08/2020;0.0254
14/08/2020;0.0220
17/08/2020;0.0239
18/08/2020;0.0240
19/08/2020;0.0248
20/08/2020;0.0291
21/08/2020;0.0167
24/08/2020;0.0216
25/08/2020;0.0301
26/08/2020;0.0276
27/08/2020;0.0276
28/08/2020;0.0256
31/08/2020;0.0224
01/09/2020;0.0194
02/09/2020;0.0271
03/09/2020;0.0140
04/09/2020;0.0265
08/09/2020;0.0301
09/09/2020;0.0236
10/09/2020;0.0156
11/09/2020;0.0247
14/09/2020;0.0265
15/09/2020;0.0236
16/09/2020;0.0282
17/09/2020;0.0187
18/09/2020;0.0241
21/09/2020;0.0173
22/09/2020;0.0173
23/09/2020;0.0238
24/09/2020;0.0229
25/09/2020;0.0230
28/09/2020;0.0221
29/09/2020;0.0315
30/09/2020;0.0301
01/10/2020;0.0228
02/10/2020;0.0279
05/10/2020;0.0314
06/10/2020;0.0281
07/10/2020;0.0299
08/10/2020;0.0317
09/10/2020;0.0265
13/10/2020;0.0210
14/10/2020;0.0225
15/10/2020;0.0239
16/10/2020;0.0275
19/10/2020;0.0218
20/10/2020;0.0310
21/10/2020;0.0184
22/10/2020;0.0261
23/10/2020;0.0196
26/10/2020;0.0231
27/10/2020;0.0304
28/10/2020;0.0208
29/10/2020;0.0293
30/10/2020;0.0305
03/11/2020;0.0250
04/11/2020;0.0306
05/11/2020;0.0298
06/11/2020;0.0251
09/11/2020;0.0280
10/11/2020;0.0259
11/11/2020;0.0287
12/11/2020;0.0286
13/11/2020;0.0246
16/11/2020;0.0295
17/11/2020;0.0298
18/11/2020;0.0296
19/11/2020;0.0306
20/11/2020;0.0321
23/11/2020;0.0277
24/11/2020;0.0319
25/11/2020;0.0300
26/11/2020;0.0310
27/11/2020;0.0365
30/11/2020;0.0242
01/12/2020;0.0242
02/12/2020;0.0271
03/12/2020;0.0285
04/12/2020;0.0279
07/12/2020;0.0271
08/12/2020;0.0269
09/12/2020;0.0266
10/12/2020;0.0244
11/12/2020;0.0257
14/12/2020;0.0263
15/12/2020;0.0267
16/12/2020;0.0255
17/12/2020;0.0264
18/12/2020;0.0175
21/12/2020;0.0237
22/12/2020;0.0262
23/12/2020;0.0278
24/12/2020;0.0000
28/12/2020;0.0195
29/12/2020;0.0255
30/12/2020;0.0251
31/12/2020;0.0000
04/01/2021;0.0141
05/01/2021;0.0260
06/01/2021;0.0262
07/01/2021;0.0264
08/01/2021;0.0261
11/01/2021;0.0244
12/01/2021;0.0316
13/01/2021;0.0282
14/01/2021;0.0285
15/01/2021;0.0275
18/01/2021;0.0256
19/01/2021;0.0281
20/01/2021;0.0255
21/01/2021;0.0288
22/01/2021;0.0286
25/01/2021;0.0000
26/01/2021;0.0290
27/01/2021;0.0298
28/01/2021;0.0278
29/01/2021;0.0169
01/02/2021;0.0242
02/02/2021;0.0276
03/02/2021;0.0247
04/02/2021;0.0270
05/02/2021;0.0271
08/02/2021;0.0226
09/02/2021;0.0270
10/02/2021;0.0262
11/02/2021;0.0276
12/02/2021;0.0425
17/02/2021;0.0180
18/02/2021;0.0264
19/02/2021;0.0281
22/02/2021;0.0237
23/02/2021;0.0284
24/02/2021;0.0275
25/02/2021;0.0289
26/02/2021;0.0285
01/03/2021;0.0246
02/03/2021;0.0312
03/03/2021;0.0304
04/03/2021;0.0288
05/03/2021;0.0279
08/03/2021;0.0229
09/03/2021;0.0314
10/03/2021;0.0230
11/03/2021;0.0281
12/03/2021;0.0289
15/03/2021;0.0263
16/03/2021;0.0271
17/03/2021;0.0280
18/03/2021;0.0290
19/03/2021;0.0273
22/03/2021;0.0280
23/03/2021;0.0291
24/03/2021;0.0305
25/03/2021;0.0316
26/03/2021;0.0250
29/03/2021;0.0296
30/03/2021;0.0255
31/03/2021;0.0235
01/04/2021;0.0231
05/04/2021;0.0249
06/04/2021;0.0287
07/04/2021;0.0283
08/04/2021;0.0292
09/04/2021;0.0263
12/04/2021;0.0234
13/04/2021;0.0281
14/04/2021;0.0296
15/04/2021;0.0378
16/04/2021;0.0286
19/04/2021;0.0245
20/04/2021;0.0256
22/04/2021;0.0278
23/04/2021;0.0274
26/04/2021;0.0278
27/04/2021;0.0265
28/04/2021;0.0244
29/04/2021;0.0294
30/04/2021;0.0236
03/05/2021;0.0293
04/05/2021;0.0293
05/05/2021;0.0279
06/05/2021;0.0277
07/05/2021;0.0303
10/05/2021;0.0255
11/05/2021;0.0298
12/05/2021;0.0292
13/05/2021;0.0284
14/05/2021;0.0304
17/05/2021;0.0299
18/05/2021;0.0293
19/05/2021;0.0319
20/05/2021;0.0303
21/05/2021;0.0304
Source;Sisbacen PESP300
